work_id,mp_name,state,district,work_category,sanctioned_amount,released_amount,status,vendor,risk_score,top_flag_reasons
MPLADS-100865,MP_KER_2,Kerala,Kozhikode,Street Lighting,1500000,0,Sanctioned,Vendor Pvt Ltd 1,0.13696039908061697,"is_round_amount, vendor_work_count, vendor_total_amount"
MPLADS-103529,MP_MAH_2,Maharashtra,Pune,Sanitation/Toilets,895000,889893,Completed,Vendor Pvt Ltd 1,0.13279047506174912,"no_photo_flag, vendor_work_count, vendor_total_amount"
MPLADS-102680,MP_KAR_1,Karnataka,Bengaluru,Railway Halt Amenities,4300000,4138552,Completed,Vendor Pvt Ltd 1,0.11320869060641914,"is_round_amount, vendor_work_count, vendor_total_amount"
MPLADS-105283,MP_TAM_2,Tamil Nadu,Madurai,Railway Halt Amenities,9932938,5807670,Completed,Vendor Pvt Ltd 1,0.10470063735705937,"vendor_work_count, vendor_total_amount, agency_work_count"
MPLADS-104878,MP_GUJ_1,Gujarat,Vadodara,Railway Halt Amenities,13063250,6359007,Completed,Vendor Pvt Ltd 1,0.10290902490838094,"vendor_work_count, vendor_total_amount, amount_zscore_in_category"
MPLADS-104915,MP_BIH_1,Bihar,Patna,Community Hall Construction,9765309,5315775,Completed,Vendor Pvt Ltd 1,0.1019255421059796,"vendor_work_count, vendor_total_amount, agency_work_count"
MPLADS-101580,MP_GUJ_2,Gujarat,Ahmedabad,Anganwadi Center Construction,300000,300000,Completed,Vendor Pvt Ltd 59,0.10064326650521915,"is_round_amount, no_photo_flag, amount_zscore_in_category"
MPLADS-101545,MP_UTT_2,Uttar Pradesh,Kanpur,Solar Power Installation,4005354,2919340,Completed,Vendor Pvt Ltd 1,0.09903184926988784,"vendor_work_count, vendor_total_amount, amount_zscore_in_category"
MPLADS-101024,MP_KAR_2,Karnataka,Hubli,CCTV Installation,940537,570674,Completed,Vendor Pvt Ltd 1,0.09866582050698103,"vendor_work_count, vendor_total_amount, agency_work_count"
MPLADS-103946,MP_GUJ_1,Gujarat,Surat,Street Lighting,1299219,0,Sanctioned,Vendor Pvt Ltd 1,0.09822400832490141,"vendor_work_count, vendor_total_amount, days_rec_to_sanction"
MPLADS-100622,MP_WES_1,West Bengal,Malda,Anganwadi Center Construction,1350000,1247692,Completed,Vendor Pvt Ltd 58,0.09796913547925634,"no_photo_flag, days_rec_to_sanction, desc_genericness_score"
MPLADS-105098,MP_KAR_2,Karnataka,Hubli,Drinking Water Supply,357000,353284,Completed,Vendor Pvt Ltd 1,0.0971512978420701,"vendor_work_count, vendor_total_amount, days_sanction_to_completion"
MPLADS-103647,MP_DEL_2,Delhi,South Delhi,School Infrastructure,8309192,5565168,Completed,Vendor Pvt Ltd 1,0.0970283701242356,"vendor_work_count, vendor_total_amount, amount_zscore_in_category"
MPLADS-102323,MP_KAR_2,Karnataka,Mysuru,Sanitation/Toilets,500000,559371,In Progress,Vendor Pvt Ltd 55,0.09645660251620514,"over_release_flag, is_round_amount, release_ratio"
MPLADS-103958,MP_MAH_1,Maharashtra,Pune,Road Construction/Repair,17730769,9028200,Completed,Vendor Pvt Ltd 1,0.09383937345038917,"vendor_work_count, vendor_total_amount, amount_zscore_in_category"
MPLADS-103049,MP_DEL_2,Delhi,South Delhi,Road Construction/Repair,9074000,10389879,Completed,Vendor Pvt Ltd 30,0.0919710601632403,"over_release_flag, days_sanction_to_completion, agency_work_count"
MPLADS-105891,MP_DEL_3,Delhi,New Delhi,Library/Reading Room,400000,429067,Completed,Vendor Pvt Ltd 37,0.09193624452917037,"over_release_flag, is_round_amount, amount_zscore_in_category"
MPLADS-102124,MP_RAJ_2,Rajasthan,Jodhpur,CCTV Installation,2603963,1624743,Completed,Vendor Pvt Ltd 1,0.0907388878136699,"vendor_work_count, vendor_total_amount, days_sanction_to_completion"
MPLADS-101700,MP_KER_3,Kerala,Kozhikode,Library/Reading Room,3458674,0,Recommended,Vendor Pvt Ltd 1,0.08872690507707814,"vendor_work_count, vendor_total_amount, amount_zscore_in_category"
MPLADS-104756,MP_KAR_3,Karnataka,Bengaluru,Sports Infrastructure,5818962,4095687,Completed,Vendor Pvt Ltd 1,0.08768315195224241,"vendor_work_count, vendor_total_amount, amount_zscore_in_category"
MPLADS-101027,MP_KAR_2,Karnataka,Hubli,Community Hall Construction,10389796,3122649,In Progress,Vendor Pvt Ltd 1,0.08716319690723806,"vendor_work_count, vendor_total_amount, amount_zscore_in_category"
MPLADS-105808,MP_KAR_3,Karnataka,Hubli,Sports Infrastructure,7332620,4631895,Completed,Vendor Pvt Ltd 1,0.08676002218884205,"vendor_work_count, vendor_total_amount, amount_zscore_in_category"
MPLADS-105992,MP_UTT_1,Uttar Pradesh,Meerut,Library/Reading Room,1574736,0,Sanctioned,Vendor Pvt Ltd 1,0.08660060235009803,"vendor_work_count, vendor_total_amount, agency_work_count"
MPLADS-105026,MP_GUJ_3,Gujarat,Surat,CCTV Installation,3319751,0,Sanctioned,Vendor Pvt Ltd 1,0.08602555486610786,"vendor_work_count, vendor_total_amount, amount_zscore_in_category"
MPLADS-100724,MP_RAJ_2,Rajasthan,Kota,Sports Infrastructure,2512000,2508971,Completed,Vendor Pvt Ltd 1,0.08586186692331366,"vendor_work_count, vendor_total_amount, agency_work_count"
MPLADS-102585,MP_BIH_1,Bihar,Patna,Irrigation Facility,10211462,0,Sanctioned,Vendor Pvt Ltd 1,0.08305651398588265,"vendor_work_count, vendor_total_amount, amount_zscore_in_category"
MPLADS-101038,MP_TAM_1,Tamil Nadu,Salem,Irrigation Facility,11051506,0,Recommended,Vendor Pvt Ltd 1,0.08207260797521632,"vendor_work_count, vendor_total_amount, amount_zscore_in_category"
MPLADS-102933,MP_BIH_2,Bihar,Gaya,School Infrastructure,1056000,0,Sanctioned,Vendor Pvt Ltd 1,0.08081634611399757,"vendor_work_count, vendor_total_amount, release_ratio"
MPLADS-103932,MP_MAH_4,Maharashtra,Nagpur,Sanitation/Toilets,1027000,951791,Completed,Vendor Pvt Ltd 1,0.08050804324898442,"vendor_work_count, vendor_total_amount, days_rec_to_sanction"
MPLADS-104544,MP_GUJ_4,Gujarat,Vadodara,Library/Reading Room,705000,468977,In Progress,Vendor Pvt Ltd 1,0.08029743012894597,"vendor_work_count, vendor_total_amount, agency_work_count"
MPLADS-105364,MP_KAR_2,Karnataka,Hubli,Community Hall Construction,10460372,3893834,In Progress,Vendor Pvt Ltd 1,0.08011851840403039,"vendor_work_count, vendor_total_amount, amount_zscore_in_category"
MPLADS-102713,MP_BIH_2,Bihar,Bhagalpur,Sanitation/Toilets,563000,250214,In Progress,Vendor Pvt Ltd 1,0.07980393906310002,"vendor_work_count, vendor_total_amount, days_rec_to_sanction"
MPLADS-102966,MP_KAR_1,Karnataka,Mysuru,Library/Reading Room,2311000,0,Sanctioned,Vendor Pvt Ltd 1,0.07946537457465408,"vendor_work_count, vendor_total_amount, release_ratio"
MPLADS-105319,MP_GUJ_2,Gujarat,Rajkot,Sports Infrastructure,3848000,3623009,Completed,Vendor Pvt Ltd 1,0.07924448039249787,"vendor_work_count, vendor_total_amount, desc_genericness_score"
MPLADS-102977,MP_KAR_1,Karnataka,Belagavi,Street Lighting,2159207,0,Sanctioned,Vendor Pvt Ltd 1,0.07904736325855877,"vendor_work_count, vendor_total_amount, amount_zscore_in_category"
MPLADS-100267,MP_KAR_1,Karnataka,Bengaluru,School Infrastructure,723000,322817,In Progress,Vendor Pvt Ltd 1,0.07824517727252289,"vendor_work_count, vendor_total_amount, desc_genericness_score"
MPLADS-101438,MP_KAR_1,Karnataka,Bengaluru,Library/Reading Room,3469191,2087188,Completed,Vendor Pvt Ltd 1,0.078225987290786,"vendor_work_count, vendor_total_amount, amount_zscore_in_category"
MPLADS-104956,MP_RAJ_1,Rajasthan,Jodhpur,Sports Infrastructure,1101997,0,Sanctioned,Vendor Pvt Ltd 1,0.07792357259645177,"vendor_work_count, vendor_total_amount, release_ratio"
MPLADS-102913,MP_KER_4,Kerala,Kozhikode,Sanitation/Toilets,243057,158927,Completed,Vendor Pvt Ltd 1,0.0777620704026043,"vendor_work_count, vendor_total_amount, days_sanction_to_completion"
MPLADS-100514,MP_MAH_2,Maharashtra,Thane,Sports Infrastructure,4050000,0,Sanctioned,Vendor Pvt Ltd 1,0.0770893346645054,"vendor_work_count, vendor_total_amount, release_ratio"
MPLADS-103285,MP_BIH_1,Bihar,Gaya,CCTV Installation,2986617,2187402,Completed,Vendor Pvt Ltd 1,0.07688315714636595,"vendor_work_count, vendor_total_amount, amount_zscore_in_category"
MPLADS-103320,MP_RAJ_1,Rajasthan,Jodhpur,Irrigation Facility,5507976,2596964,In Progress,Vendor Pvt Ltd 1,0.0763308510416073,"vendor_work_count, vendor_total_amount, agency_work_count"
MPLADS-104579,MP_DEL_1,Delhi,North Delhi,Solar Power Installation,2891000,2766748,Completed,Vendor Pvt Ltd 1,0.07336697604426967,"vendor_work_count, vendor_total_amount, days_sanction_to_completion"
MPLADS-102079,MP_DEL_2,Delhi,South Delhi,School Infrastructure,765000,0,Sanctioned,Vendor Pvt Ltd 1,0.07163631535720716,"vendor_work_count, vendor_total_amount, release_ratio"
MPLADS-104953,MP_UTT_1,Uttar Pradesh,Kanpur,Solar Power Installation,689450,246084,In Progress,Vendor Pvt Ltd 1,0.07097545707012398,"vendor_work_count, vendor_total_amount, amount_zscore_in_category"
MPLADS-105146,MP_DEL_1,Delhi,New Delhi,School Infrastructure,1595000,1471221,Completed,Vendor Pvt Ltd 110,0.07038292831700832,"no_photo_flag, days_sanction_to_completion, vendor_total_amount"
MPLADS-100810,MP_GUJ_2,Gujarat,Surat,Sanitation/Toilets,1386243,0,Sanctioned,Vendor Pvt Ltd 1,0.07035309452812621,"vendor_work_count, vendor_total_amount, release_ratio"
MPLADS-105940,MP_UTT_2,Uttar Pradesh,Lucknow,Irrigation Facility,853000,0,Sanctioned,Vendor Pvt Ltd 1,0.070267447296392,"vendor_work_count, vendor_total_amount, amount_zscore_in_category"
MPLADS-104433,MP_UTT_2,Uttar Pradesh,Lucknow,Road Construction/Repair,8911000,4658604,In Progress,Vendor Pvt Ltd 1,0.06942118385034923,"vendor_work_count, vendor_total_amount, agency_work_count"
MPLADS-102244,MP_UTT_1,Uttar Pradesh,Meerut,Sanitation/Toilets,506000,490983,Completed,Vendor Pvt Ltd 1,0.06941763544797974,"vendor_work_count, vendor_total_amount, agency_work_count"
MPLADS-101561,MP_BIH_1,Bihar,Patna,Anganwadi Center Construction,806000,0,Sanctioned,Vendor Pvt Ltd 1,0.06922005787552321,"vendor_work_count, vendor_total_amount, release_ratio"
MPLADS-104526,MP_UTT_2,Uttar Pradesh,Lucknow,CCTV Installation,862253,467943,Completed,Vendor Pvt Ltd 1,0.06796962834276188,"vendor_work_count, vendor_total_amount, days_sanction_to_completion"
MPLADS-102631,MP_GUJ_3,Gujarat,Surat,Street Lighting,1036000,1019940,Completed,Vendor Pvt Ltd 69,0.06535747701472161,"no_photo_flag, agency_work_count, days_sanction_to_completion"
MPLADS-101694,MP_UTT_1,Uttar Pradesh,Meerut,Library/Reading Room,1790612,0,Sanctioned,Vendor Pvt Ltd 1,0.06461700641663981,"vendor_work_count, vendor_total_amount, days_rec_to_sanction"
MPLADS-103316,MP_KER_3,Kerala,Thiruvananthapuram,Sports Infrastructure,1829000,1829000,Completed,Vendor Pvt Ltd 84,0.06394747653631083,"no_photo_flag, desc_genericness_score, days_rec_to_sanction"
MPLADS-100449,MP_WES_1,West Bengal,Malda,Railway Halt Amenities,9300000,0,Recommended,Vendor Pvt Ltd 52,0.0639191471571835,"is_round_amount, amount_zscore_in_category, release_ratio"
MPLADS-101851,MP_GUJ_3,Gujarat,Surat,Sports Infrastructure,3751000,2339474,In Progress,Vendor Pvt Ltd 1,0.06366570157977824,"vendor_work_count, vendor_total_amount, agency_work_count"
MPLADS-101033,MP_KER_3,Kerala,Kozhikode,Sanitation/Toilets,806835,0,Sanctioned,Vendor Pvt Ltd 1,0.062282709923597634,"vendor_work_count, vendor_total_amount, release_ratio"
MPLADS-101206,MP_RAJ_2,Rajasthan,Udaipur,Sanitation/Toilets,208000,136386,In Progress,Vendor Pvt Ltd 1,0.06113937737255615,"vendor_work_count, vendor_total_amount, agency_work_count"
MPLADS-103733,MP_KER_1,Kerala,Kozhikode,Sanitation/Toilets,556151,271101,Completed,Vendor Pvt Ltd 1,0.06098318212045872,"vendor_work_count, vendor_total_amount, days_sanction_to_completion"
MPLADS-102181,MP_MAH_4,Maharashtra,Nagpur,Street Lighting,2063033,910068,In Progress,Vendor Pvt Ltd 1,0.060965760130718194,"vendor_work_count, vendor_total_amount, amount_zscore_in_category"
MPLADS-102387,MP_KER_3,Kerala,Kozhikode,Library/Reading Room,1643000,1594281,Completed,Vendor Pvt Ltd 1,0.06058253989516238,"vendor_work_count, vendor_total_amount, days_sanction_to_completion"
MPLADS-101632,MP_KAR_2,Karnataka,Belagavi,Sanitation/Toilets,1445000,1567360,Completed,Vendor Pvt Ltd 82,0.06043904399387823,"over_release_flag, agency_work_count, days_sanction_to_completion"
MPLADS-101412,MP_UTT_1,Uttar Pradesh,Agra,Drinking Water Supply,3576000,0,Recommended,Vendor Pvt Ltd 1,0.060427767918204256,"vendor_work_count, vendor_total_amount, release_ratio"
MPLADS-100157,MP_KER_3,Kerala,Kozhikode,Drinking Water Supply,3622821,771374,In Progress,Vendor Pvt Ltd 1,0.06042122422437357,"vendor_work_count, vendor_total_amount, agency_work_count"
MPLADS-104250,MP_KER_2,Kerala,Kozhikode,Solar Power Installation,1167470,0,Sanctioned,Vendor Pvt Ltd 1,0.06003735688017031,"vendor_work_count, vendor_total_amount, release_ratio"
MPLADS-105374,MP_KER_4,Kerala,Kozhikode,Library/Reading Room,2100000,0,Sanctioned,Vendor Pvt Ltd 81,0.059753269576301116,"is_round_amount, desc_genericness_score, release_ratio"
MPLADS-104870,MP_MAH_2,Maharashtra,Nagpur,Sports Infrastructure,525000,512096,Completed,Vendor Pvt Ltd 47,0.059548522136542714,"no_photo_flag, agency_work_count, desc_genericness_score"
MPLADS-104145,MP_KER_2,Kerala,Kozhikode,Street Lighting,1996000,1964419,Completed,Vendor Pvt Ltd 93,0.05941669432661745,"no_photo_flag, days_sanction_to_completion, days_rec_to_sanction"
MPLADS-105359,MP_BIH_2,Bihar,Patna,Anganwadi Center Construction,1900000,1799756,Completed,Vendor Pvt Ltd 93,0.05883617903761218,"is_round_amount, days_sanction_to_completion, amount_zscore_in_category"
MPLADS-105841,MP_TAM_1,Tamil Nadu,Coimbatore,Anganwadi Center Construction,1493000,0,Sanctioned,Vendor Pvt Ltd 1,0.05883263692943308,"vendor_work_count, vendor_total_amount, release_ratio"
MPLADS-104159,MP_GUJ_5,Gujarat,Surat,Library/Reading Room,1223749,0,Recommended,Vendor Pvt Ltd 1,0.05879904554962201,"vendor_work_count, vendor_total_amount, release_ratio"
MPLADS-101204,MP_MAH_4,Maharashtra,Aurangabad,Solar Power Installation,1159814,732158,Completed,Vendor Pvt Ltd 1,0.05837799804657451,"vendor_work_count, vendor_total_amount, days_sanction_to_completion"
MPLADS-104863,MP_MAH_3,Maharashtra,Thane,Sanitation/Toilets,1592473,1031373,In Progress,Vendor Pvt Ltd 1,0.05835065583539678,"vendor_work_count, vendor_total_amount, amount_zscore_in_category"
MPLADS-101902,MP_KER_3,Kerala,Thiruvananthapuram,CCTV Installation,1055000,982989,Completed,Vendor Pvt Ltd 1,0.05820575917275217,"vendor_work_count, vendor_total_amount, agency_work_count"
MPLADS-102097,MP_KER_4,Kerala,Kochi,Street Lighting,1555000,1542950,Completed,Vendor Pvt Ltd 1,0.057884604637468806,"vendor_work_count, vendor_total_amount, agency_work_count"
MPLADS-100387,MP_WES_1,West Bengal,Kolkata,CCTV Installation,1180000,0,Sanctioned,Vendor Pvt Ltd 1,0.05751988178394263,"vendor_work_count, vendor_total_amount, release_ratio"
MPLADS-102168,MP_UTT_2,Uttar Pradesh,Varanasi,Library/Reading Room,2445593,1210451,In Progress,Vendor Pvt Ltd 1,0.0572557576179078,"vendor_work_count, vendor_total_amount, amount_zscore_in_category"
MPLADS-102570,MP_WES_1,West Bengal,Malda,Railway Halt Amenities,1732000,0,Sanctioned,Vendor Pvt Ltd 1,0.057237562129983655,"vendor_work_count, vendor_total_amount, release_ratio"
MPLADS-103077,MP_GUJ_1,Gujarat,Rajkot,Railway Halt Amenities,3334836,2155276,Completed,Vendor Pvt Ltd 1,0.05701298384502529,"vendor_work_count, vendor_total_amount, days_sanction_to_completion"
MPLADS-101860,MP_GUJ_1,Gujarat,Surat,Community Hall Construction,7100000,6642886,Completed,Vendor Pvt Ltd 60,0.05670140149461522,"is_round_amount, days_rec_to_sanction, days_sanction_to_completion"
MPLADS-102677,MP_UTT_1,Uttar Pradesh,Lucknow,Community Hall Construction,1223000,1196157,Completed,Vendor Pvt Ltd 116,0.05617820461651579,"no_photo_flag, agency_work_count, amount_zscore_in_category"
MPLADS-103185,MP_GUJ_2,Gujarat,Ahmedabad,Health Facility Upgrade,6800000,0,Sanctioned,Vendor Pvt Ltd 19,0.05504895337136728,"is_round_amount, days_rec_to_sanction, amount_zscore_in_category"
MPLADS-103047,MP_DEL_3,Delhi,South Delhi,Road Construction/Repair,8049000,6612495,In Progress,Vendor Pvt Ltd 1,0.05435390507173621,"vendor_work_count, vendor_total_amount, days_rec_to_sanction"
MPLADS-103969,MP_RAJ_1,Rajasthan,Jaipur,Library/Reading Room,950000,704265,In Progress,Vendor Pvt Ltd 1,0.054323442921846654,"vendor_work_count, vendor_total_amount, days_rec_to_sanction"
MPLADS-100296,MP_KAR_3,Karnataka,Belagavi,Street Lighting,1677958,1055556,Completed,Vendor Pvt Ltd 1,0.054047103130036134,"vendor_work_count, vendor_total_amount, amount_zscore_in_category"
MPLADS-105907,MP_DEL_3,Delhi,South Delhi,Health Facility Upgrade,1646000,0,Recommended,Vendor Pvt Ltd 1,0.05363132811367166,"vendor_work_count, vendor_total_amount, release_ratio"
MPLADS-103419,MP_GUJ_1,Gujarat,Vadodara,Health Facility Upgrade,4792000,4565052,Completed,Vendor Pvt Ltd 1,0.05357891110231039,"vendor_work_count, vendor_total_amount, days_sanction_to_completion"
MPLADS-101706,MP_DEL_1,Delhi,New Delhi,Railway Halt Amenities,9200000,8821988,Completed,Vendor Pvt Ltd 36,0.052602847104996076,"is_round_amount, days_sanction_to_completion, amount_zscore_in_category"
MPLADS-102348,MP_GUJ_1,Gujarat,Surat,Sports Infrastructure,1891000,1850595,Completed,Vendor Pvt Ltd 120,0.052381996267259145,"no_photo_flag, desc_genericness_score, agency_work_count"
MPLADS-104899,MP_GUJ_3,Gujarat,Vadodara,Solar Power Installation,1073000,1035488,Completed,Vendor Pvt Ltd 1,0.05185719696867319,"vendor_work_count, vendor_total_amount, agency_work_count"
MPLADS-103967,MP_KER_3,Kerala,Kozhikode,Health Facility Upgrade,1200000,0,Sanctioned,Vendor Pvt Ltd 85,0.05182044667711727,"is_round_amount, agency_work_count, release_ratio"
MPLADS-102582,MP_MAH_3,Maharashtra,Thane,Railway Halt Amenities,3163697,1386824,In Progress,Vendor Pvt Ltd 1,0.05176513589567,"vendor_work_count, vendor_total_amount, days_rec_to_sanction"
MPLADS-104767,MP_GUJ_1,Gujarat,Rajkot,Community Hall Construction,7854000,7509349,Completed,Vendor Pvt Ltd 1,0.051711989098704336,"vendor_work_count, vendor_total_amount, amount_zscore_in_category"
MPLADS-105195,MP_KER_3,Kerala,Kochi,Street Lighting,1465000,1419297,Completed,Vendor Pvt Ltd 1,0.051562204781839704,"vendor_work_count, vendor_total_amount, days_sanction_to_completion"
MPLADS-100177,MP_RAJ_2,Rajasthan,Jaipur,Street Lighting,1580640,0,Recommended,Vendor Pvt Ltd 1,0.051403651258780325,"vendor_work_count, vendor_total_amount, release_ratio"
MPLADS-100476,MP_DEL_3,Delhi,New Delhi,Sports Infrastructure,2871000,1372602,In Progress,Vendor Pvt Ltd 1,0.0503791677523826,"vendor_work_count, vendor_total_amount, desc_genericness_score"
MPLADS-103452,MP_KER_2,Kerala,Kozhikode,CCTV Installation,569000,539235,In Progress,Vendor Pvt Ltd 1,0.05021787644576414,"vendor_work_count, vendor_total_amount, days_rec_to_sanction"
MPLADS-104786,MP_TAM_1,Tamil Nadu,Chennai,School Infrastructure,863000,945141,Sanctioned,Vendor Pvt Ltd 120,0.050189361124494014,"over_release_flag, agency_work_count, amount_zscore_in_category"
MPLADS-102355,MP_GUJ_1,Gujarat,Vadodara,Road Construction/Repair,6400000,5909098,Completed,Vendor Pvt Ltd 75,0.049504527856157665,"is_round_amount, days_rec_to_sanction, vendor_total_amount"
MPLADS-105038,MP_WES_2,West Bengal,Malda,Street Lighting,675000,0,Sanctioned,Vendor Pvt Ltd 1,0.04925978464567338,"vendor_work_count, vendor_total_amount, release_ratio"
MPLADS-102287,MP_KAR_3,Karnataka,Belagavi,Railway Halt Amenities,9210000,8781599,Completed,Vendor Pvt Ltd 24,0.04923043378789771,"no_photo_flag, days_rec_to_sanction, vendor_total_amount"
MPLADS-100410,MP_GUJ_3,Gujarat,Surat,Railway Halt Amenities,5776885,3620852,Completed,Vendor Pvt Ltd 1,0.04898815522920019,"vendor_work_count, vendor_total_amount, agency_work_count"
MPLADS-102453,MP_KER_4,Kerala,Kozhikode,CCTV Installation,2100000,2039063,Completed,Vendor Pvt Ltd 104,0.0480355051490321,"is_round_amount, agency_work_count, days_sanction_to_completion"
MPLADS-105163,MP_TAM_2,Tamil Nadu,Madurai,Street Lighting,633026,365991,In Progress,Vendor Pvt Ltd 1,0.04787855232540439,"vendor_work_count, vendor_total_amount, days_rec_to_sanction"
MPLADS-105437,MP_DEL_2,Delhi,South Delhi,School Infrastructure,577000,576370,Completed,Vendor Pvt Ltd 94,0.047596439961447023,"no_photo_flag, desc_genericness_score, amount_zscore_in_category"
MPLADS-104747,MP_KER_1,Kerala,Thiruvananthapuram,Sanitation/Toilets,1442000,1568871,Completed,Vendor Pvt Ltd 24,0.04747227576536339,"over_release_flag, vendor_total_amount, amount_zscore_in_category"
MPLADS-104331,MP_GUJ_5,Gujarat,Vadodara,Health Facility Upgrade,793000,362000,In Progress,Vendor Pvt Ltd 1,0.04710363954725816,"vendor_work_count, vendor_total_amount, amount_zscore_in_category"
MPLADS-101536,MP_DEL_2,Delhi,South Delhi,Anganwadi Center Construction,1999000,2315428,Recommended,Vendor Pvt Ltd 70,0.04704598156797368,"over_release_flag, amount_zscore_in_category, release_ratio"
MPLADS-100303,MP_RAJ_2,Rajasthan,Kota,Sanitation/Toilets,111000,102200,Completed,Vendor Pvt Ltd 1,0.04637607975811775,"vendor_work_count, vendor_total_amount, amount_zscore_in_category"
MPLADS-103841,MP_WES_1,West Bengal,Howrah,Anganwadi Center Construction,471000,468447,Completed,Vendor Pvt Ltd 74,0.046066559247567085,"no_photo_flag, days_rec_to_sanction, days_sanction_to_completion"
MPLADS-104142,MP_DEL_2,Delhi,South Delhi,Solar Power Installation,1137000,1126461,Completed,Vendor Pvt Ltd 1,0.04592475951374431,"vendor_work_count, vendor_total_amount, days_sanction_to_completion"
MPLADS-105261,MP_RAJ_2,Rajasthan,Jaipur,School Infrastructure,414000,0,Completed,Vendor Pvt Ltd 69,0.04573657137053533,"no_photo_flag, desc_genericness_score, amount_zscore_in_category"
MPLADS-104424,MP_UTT_1,Uttar Pradesh,Agra,Solar Power Installation,500000,255893,In Progress,Vendor Pvt Ltd 3,0.0456479431372091,"is_round_amount, amount_zscore_in_category, vendor_total_amount"
MPLADS-102704,MP_KAR_2,Karnataka,Hubli,CCTV Installation,1129320,723885,Completed,Vendor Pvt Ltd 1,0.045489019685144516,"vendor_work_count, vendor_total_amount, agency_work_count"
MPLADS-105937,MP_RAJ_1,Rajasthan,Udaipur,Drinking Water Supply,3163631,872966,In Progress,Vendor Pvt Ltd 1,0.04541234284254714,"vendor_work_count, vendor_total_amount, release_ratio"
MPLADS-102883,MP_WES_2,West Bengal,Kolkata,Solar Power Installation,1285000,1265971,Completed,Vendor Pvt Ltd 110,0.04510939734352881,"no_photo_flag, days_sanction_to_completion, vendor_total_amount"
MPLADS-105273,MP_GUJ_3,Gujarat,Ahmedabad,Library/Reading Room,2349000,2283515,Completed,Vendor Pvt Ltd 1,0.04478147869474769,"vendor_work_count, vendor_total_amount, amount_zscore_in_category"
MPLADS-105871,MP_GUJ_3,Gujarat,Vadodara,Railway Halt Amenities,3024620,1596906,In Progress,Vendor Pvt Ltd 1,0.044545511093622814,"vendor_work_count, vendor_total_amount, amount_zscore_in_category"
MPLADS-100593,MP_RAJ_2,Rajasthan,Jodhpur,CCTV Installation,2413000,1984452,In Progress,Vendor Pvt Ltd 1,0.044532292004345164,"vendor_work_count, vendor_total_amount, amount_zscore_in_category"
MPLADS-105447,MP_RAJ_2,Rajasthan,Jaipur,Irrigation Facility,5054049,2816619,Completed,Vendor Pvt Ltd 1,0.04448403318732097,"vendor_work_count, vendor_total_amount, agency_work_count"
MPLADS-104329,MP_GUJ_4,Gujarat,Rajkot,Street Lighting,1700000,1324985,In Progress,Vendor Pvt Ltd 39,0.043829213518354115,"is_round_amount, agency_work_count, amount_zscore_in_category"
MPLADS-101082,MP_BIH_1,Bihar,Patna,School Infrastructure,432000,0,Recommended,Vendor Pvt Ltd 18,0.043487201393178854,"agency_work_count, days_rec_to_sanction, vendor_total_amount"
MPLADS-104402,MP_GUJ_2,Gujarat,Rajkot,Street Lighting,480000,204603,In Progress,Vendor Pvt Ltd 27,0.043463506581109757,"desc_genericness_score, vendor_total_amount, vendor_work_count"
MPLADS-104567,MP_KAR_1,Karnataka,Hubli,Solar Power Installation,1068000,1032391,Completed,Vendor Pvt Ltd 1,0.04242773837674463,"vendor_work_count, vendor_total_amount, amount_zscore_in_category"
MPLADS-102478,MP_BIH_1,Bihar,Patna,Drinking Water Supply,3671000,3584800,Completed,Vendor Pvt Ltd 28,0.04208192082689044,"no_photo_flag, days_sanction_to_completion, vendor_work_count"
MPLADS-104453,MP_GUJ_1,Gujarat,Vadodara,Railway Halt Amenities,6600000,4966257,In Progress,Vendor Pvt Ltd 83,0.041829696910701486,"is_round_amount, agency_work_count, days_rec_to_sanction"
MPLADS-104708,MP_KER_4,Kerala,Kochi,Anganwadi Center Construction,1400000,1384448,Completed,Vendor Pvt Ltd 73,0.04118100637013167,"is_round_amount, days_sanction_to_completion, vendor_work_count"
MPLADS-104289,MP_KAR_1,Karnataka,Hubli,CCTV Installation,1700000,0,Sanctioned,Vendor Pvt Ltd 30,0.0411411926862576,"is_round_amount, release_ratio, vendor_total_amount"
MPLADS-105746,MP_MAH_2,Maharashtra,Pune,Irrigation Facility,4445000,3024209,In Progress,Vendor Pvt Ltd 1,0.040847204952424665,"vendor_work_count, vendor_total_amount, agency_work_count"
MPLADS-101170,MP_UTT_1,Uttar Pradesh,Meerut,Road Construction/Repair,9400000,8947073,Completed,Vendor Pvt Ltd 105,0.04030209725041323,"is_round_amount, amount_zscore_in_category, agency_work_count"
MPLADS-103615,MP_GUJ_4,Gujarat,Rajkot,Railway Halt Amenities,2618730,1297758,In Progress,Vendor Pvt Ltd 1,0.04023319802916214,"vendor_work_count, vendor_total_amount, amount_zscore_in_category"
MPLADS-104135,MP_RAJ_1,Rajasthan,Udaipur,CCTV Installation,1468000,568416,In Progress,Vendor Pvt Ltd 1,0.03968607110695632,"vendor_work_count, vendor_total_amount, days_sanction_to_completion"
MPLADS-104942,MP_DEL_3,Delhi,New Delhi,Road Construction/Repair,9000000,0,Recommended,Vendor Pvt Ltd 26,0.03923287244524254,"is_round_amount, days_rec_to_sanction, release_ratio"
MPLADS-105538,MP_BIH_2,Bihar,Patna,School Infrastructure,4259000,3171830,In Progress,Vendor Pvt Ltd 1,0.03921883074338428,"vendor_work_count, vendor_total_amount, desc_genericness_score"
MPLADS-103400,MP_GUJ_3,Gujarat,Rajkot,Sports Infrastructure,800000,773967,Completed,Vendor Pvt Ltd 2,0.03905872822559364,"is_round_amount, desc_genericness_score, amount_zscore_in_category"
MPLADS-100932,MP_WES_1,West Bengal,Malda,Street Lighting,1308000,1274902,Completed,Vendor Pvt Ltd 16,0.038975573522238016,"no_photo_flag, agency_work_count, vendor_work_count"
MPLADS-102118,MP_DEL_2,Delhi,New Delhi,Community Hall Construction,4100000,4093092,Completed,Vendor Pvt Ltd 119,0.038973780192381624,"is_round_amount, days_sanction_to_completion, vendor_total_amount"
MPLADS-104405,MP_GUJ_3,Gujarat,Rajkot,Library/Reading Room,370000,462097,Recommended,Vendor Pvt Ltd 6,0.03892783270542732,"over_release_flag, release_ratio, amount_zscore_in_category"
MPLADS-104418,MP_GUJ_1,Gujarat,Vadodara,Anganwadi Center Construction,871000,291403,Completed,Vendor Pvt Ltd 28,0.03882379239840439,"no_photo_flag, agency_work_count, days_rec_to_sanction"
MPLADS-102868,MP_DEL_1,Delhi,New Delhi,Drinking Water Supply,446000,411179,Completed,Vendor Pvt Ltd 112,0.03875434100651154,"no_photo_flag, agency_work_count, amount_zscore_in_category"
MPLADS-104648,MP_GUJ_2,Gujarat,Surat,CCTV Installation,415000,345379,In Progress,Vendor Pvt Ltd 1,0.038337372008449,"vendor_work_count, vendor_total_amount, amount_zscore_in_category"
MPLADS-100093,MP_MAH_1,Maharashtra,Nagpur,Road Construction/Repair,8300000,7822287,Completed,Vendor Pvt Ltd 80,0.03809406705007001,"is_round_amount, agency_work_count, amount_zscore_in_category"
MPLADS-105294,MP_KER_4,Kerala,Kochi,Health Facility Upgrade,2748296,977185,In Progress,Vendor Pvt Ltd 1,0.038093376975843585,"vendor_work_count, vendor_total_amount, days_sanction_to_completion"
MPLADS-103736,MP_TAM_2,Tamil Nadu,Salem,Sports Infrastructure,2480000,1750125,In Progress,Vendor Pvt Ltd 1,0.037628367496972404,"vendor_work_count, vendor_total_amount, days_rec_to_sanction"
MPLADS-104095,MP_DEL_2,Delhi,North Delhi,Sports Infrastructure,852000,851771,Completed,Vendor Pvt Ltd 3,0.0374650809260999,"no_photo_flag, agency_work_count, amount_zscore_in_category"
MPLADS-100255,MP_WES_2,West Bengal,Kolkata,CCTV Installation,200000,195854,Completed,Vendor Pvt Ltd 105,0.037112143852085056,"is_round_amount, amount_zscore_in_category, vendor_total_amount"
MPLADS-103488,MP_TAM_2,Tamil Nadu,Coimbatore,Railway Halt Amenities,8400000,8400000,Completed,Vendor Pvt Ltd 38,0.036841853087921206,"is_round_amount, agency_work_count, amount_zscore_in_category"
MPLADS-104973,MP_RAJ_2,Rajasthan,Kota,Sanitation/Toilets,934000,587116,In Progress,Vendor Pvt Ltd 1,0.03678568753034073,"vendor_work_count, vendor_total_amount, agency_work_count"
MPLADS-104745,MP_KER_4,Kerala,Kozhikode,School Infrastructure,1700000,1375780,In Progress,Vendor Pvt Ltd 104,0.03633929193437091,"is_round_amount, agency_work_count, desc_genericness_score"
MPLADS-101839,MP_RAJ_1,Rajasthan,Udaipur,School Infrastructure,1344000,1307407,Completed,Vendor Pvt Ltd 58,0.03621632713455625,"no_photo_flag, days_rec_to_sanction, amount_zscore_in_category"
MPLADS-100401,MP_TAM_1,Tamil Nadu,Salem,Road Construction/Repair,3200000,1977447,In Progress,Vendor Pvt Ltd 34,0.03621147315442552,"is_round_amount, days_rec_to_sanction, agency_work_count"
MPLADS-104872,MP_MAH_4,Maharashtra,Pune,Library/Reading Room,1286000,1272227,Completed,Vendor Pvt Ltd 87,0.036158795226764906,"no_photo_flag, days_sanction_to_completion, release_ratio"
MPLADS-103547,MP_TAM_2,Tamil Nadu,Salem,CCTV Installation,200000,185059,In Progress,Vendor Pvt Ltd 106,0.03611730906652777,"is_round_amount, amount_zscore_in_category, vendor_work_count"
MPLADS-103423,MP_KAR_2,Karnataka,Bengaluru,Community Hall Construction,5016000,4756658,Completed,Vendor Pvt Ltd 1,0.03603472702308841,"vendor_work_count, vendor_total_amount, agency_work_count"
MPLADS-104168,MP_MAH_4,Maharashtra,Aurangabad,Sanitation/Toilets,300000,283388,Completed,Vendor Pvt Ltd 40,0.035859637828922764,"is_round_amount, days_rec_to_sanction, amount_zscore_in_category"
MPLADS-100441,MP_KAR_2,Karnataka,Mysuru,Irrigation Facility,4120000,4032526,Completed,Vendor Pvt Ltd 69,0.0358202236680496,"no_photo_flag, days_rec_to_sanction, days_sanction_to_completion"
MPLADS-100829,MP_BIH_2,Bihar,Muzaffarpur,Health Facility Upgrade,2562000,2463029,Completed,Vendor Pvt Ltd 1,0.03561352770446702,"vendor_work_count, vendor_total_amount, release_ratio"
MPLADS-100812,MP_KAR_1,Karnataka,Mysuru,Drinking Water Supply,700000,0,Recommended,Vendor Pvt Ltd 119,0.03547112678357478,"is_round_amount, release_ratio, amount_zscore_in_category"
MPLADS-102310,MP_KAR_2,Karnataka,Mysuru,School Infrastructure,4400000,3980282,In Progress,Vendor Pvt Ltd 14,0.03543134302320161,"is_round_amount, desc_genericness_score, days_rec_to_sanction"
MPLADS-103297,MP_KER_4,Kerala,Kozhikode,CCTV Installation,2019000,0,Sanctioned,Vendor Pvt Ltd 99,0.034978304202083255,"desc_genericness_score, days_rec_to_sanction, release_ratio"
MPLADS-100080,MP_KAR_3,Karnataka,Hubli,Library/Reading Room,1501186,592740,In Progress,Vendor Pvt Ltd 1,0.034698574747765165,"vendor_work_count, vendor_total_amount, days_sanction_to_completion"
MPLADS-104559,MP_BIH_1,Bihar,Muzaffarpur,Irrigation Facility,6796000,5678447,In Progress,Vendor Pvt Ltd 1,0.03404627709740471,"vendor_work_count, vendor_total_amount, amount_zscore_in_category"
MPLADS-104817,MP_KAR_2,Karnataka,Hubli,Road Construction/Repair,8672000,8617209,Completed,Vendor Pvt Ltd 64,0.03385655657849862,"no_photo_flag, vendor_total_amount, amount_zscore_in_category"
MPLADS-103499,MP_TAM_2,Tamil Nadu,Chennai,Sanitation/Toilets,527000,496312,Completed,Vendor Pvt Ltd 1,0.033697716062301986,"vendor_work_count, vendor_total_amount, release_ratio"
MPLADS-104673,MP_DEL_2,Delhi,New Delhi,Sanitation/Toilets,475000,461611,Completed,Vendor Pvt Ltd 1,0.03353928887349311,"vendor_work_count, vendor_total_amount, amount_zscore_in_category"
MPLADS-101949,MP_RAJ_2,Rajasthan,Jaipur,CCTV Installation,569000,555388,Completed,Vendor Pvt Ltd 29,0.03347638212810111,"no_photo_flag, days_sanction_to_completion, days_rec_to_sanction"
MPLADS-104572,MP_RAJ_2,Rajasthan,Udaipur,Solar Power Installation,1200000,1171030,Completed,Vendor Pvt Ltd 112,0.03335099314642065,"is_round_amount, days_rec_to_sanction, release_ratio"
MPLADS-102887,MP_KER_4,Kerala,Kochi,Sports Infrastructure,2100000,1079327,In Progress,Vendor Pvt Ltd 104,0.033126308633874446,"is_round_amount, agency_work_count, vendor_work_count"
MPLADS-103715,MP_GUJ_4,Gujarat,Surat,Road Construction/Repair,2759000,2630742,Completed,Vendor Pvt Ltd 101,0.032938399283154896,"no_photo_flag, agency_work_count, days_rec_to_sanction"
MPLADS-103710,MP_TAM_2,Tamil Nadu,Coimbatore,Library/Reading Room,1179000,1128145,Completed,Vendor Pvt Ltd 1,0.03285650608360724,"vendor_work_count, vendor_total_amount, release_ratio"
MPLADS-103438,MP_UTT_2,Uttar Pradesh,Lucknow,Health Facility Upgrade,2500000,940015,In Progress,Vendor Pvt Ltd 65,0.032818070424108226,"is_round_amount, days_rec_to_sanction, days_sanction_to_completion"
MPLADS-105542,MP_KER_1,Kerala,Thiruvananthapuram,Railway Halt Amenities,9371000,9371000,Completed,Vendor Pvt Ltd 24,0.03265967500756972,"no_photo_flag, vendor_total_amount, amount_zscore_in_category"
MPLADS-103971,MP_DEL_2,Delhi,South Delhi,Sports Infrastructure,4740000,5160295,Sanctioned,Vendor Pvt Ltd 28,0.032121707095975394,"over_release_flag, amount_zscore_in_category, days_rec_to_sanction"
MPLADS-103795,MP_DEL_2,Delhi,North Delhi,Irrigation Facility,4398332,2262482,In Progress,Vendor Pvt Ltd 1,0.03204774797063359,"vendor_work_count, vendor_total_amount, days_rec_to_sanction"
MPLADS-102450,MP_KER_2,Kerala,Kozhikode,Road Construction/Repair,2800000,0,Recommended,Vendor Pvt Ltd 6,0.03196299378609313,"is_round_amount, release_ratio, vendor_total_amount"
MPLADS-100160,MP_UTT_1,Uttar Pradesh,Varanasi,Street Lighting,1141000,1140313,Completed,Vendor Pvt Ltd 1,0.03183666187172818,"vendor_work_count, vendor_total_amount, release_ratio"
MPLADS-103018,MP_KER_4,Kerala,Kozhikode,Irrigation Facility,3800000,0,Sanctioned,Vendor Pvt Ltd 109,0.03182467380248721,"is_round_amount, release_ratio, days_rec_to_sanction"
MPLADS-102549,MP_BIH_1,Bihar,Bhagalpur,Drinking Water Supply,1600000,1485788,Completed,Vendor Pvt Ltd 119,0.03179580836928175,"is_round_amount, days_rec_to_sanction, vendor_total_amount"
MPLADS-103204,MP_DEL_3,Delhi,New Delhi,Library/Reading Room,2000000,0,Sanctioned,Vendor Pvt Ltd 44,0.03149529613218671,"is_round_amount, release_ratio, vendor_total_amount"
MPLADS-101760,MP_KAR_3,Karnataka,Bengaluru,Community Hall Construction,3008000,3683225,Recommended,Vendor Pvt Ltd 107,0.031179053134325896,"over_release_flag, agency_work_count, release_ratio"
MPLADS-105544,MP_DEL_1,Delhi,South Delhi,Street Lighting,1700000,1580823,Completed,Vendor Pvt Ltd 43,0.03111243139933484,"is_round_amount, agency_work_count, days_sanction_to_completion"
MPLADS-102640,MP_BIH_2,Bihar,Gaya,Irrigation Facility,7400000,0,Recommended,Vendor Pvt Ltd 38,0.030783517055261944,"is_round_amount, release_ratio, amount_zscore_in_category"
MPLADS-105175,MP_GUJ_5,Gujarat,Surat,Anganwadi Center Construction,1919000,2124298,In Progress,Vendor Pvt Ltd 98,0.030704681726337224,"over_release_flag, amount_zscore_in_category, vendor_work_count"
MPLADS-101232,MP_KAR_1,Karnataka,Mysuru,Street Lighting,1012000,1010864,Completed,Vendor Pvt Ltd 120,0.0306595576680726,"no_photo_flag, days_sanction_to_completion, days_rec_to_sanction"
MPLADS-105692,MP_KER_1,Kerala,Kozhikode,Drinking Water Supply,2900000,0,Sanctioned,Vendor Pvt Ltd 6,0.030317516460786842,"is_round_amount, release_ratio, agency_work_count"
MPLADS-100101,MP_DEL_2,Delhi,North Delhi,CCTV Installation,1792000,0,Completed,Vendor Pvt Ltd 108,0.030281209169655265,"no_photo_flag, agency_work_count, release_ratio"
MPLADS-102873,MP_KER_3,Kerala,Thiruvananthapuram,Drinking Water Supply,3000000,1979676,In Progress,Vendor Pvt Ltd 93,0.02985174568662108,"is_round_amount, agency_work_count, vendor_work_count"
MPLADS-101382,MP_KER_3,Kerala,Thiruvananthapuram,Anganwadi Center Construction,1607000,1521144,Completed,Vendor Pvt Ltd 16,0.02977720826631436,"no_photo_flag, agency_work_count, vendor_work_count"
MPLADS-100861,MP_KER_1,Kerala,Kochi,Street Lighting,1271000,1196143,Completed,Vendor Pvt Ltd 18,0.02913165671146012,"no_photo_flag, vendor_total_amount, vendor_work_count"
MPLADS-103944,MP_KAR_3,Karnataka,Bengaluru,Library/Reading Room,1000000,927361,Completed,Vendor Pvt Ltd 75,0.02892717365209374,"is_round_amount, days_sanction_to_completion, vendor_total_amount"
MPLADS-102268,MP_KAR_1,Karnataka,Bengaluru,Road Construction/Repair,4400000,2047551,In Progress,Vendor Pvt Ltd 27,0.028647301072928122,"is_round_amount, vendor_total_amount, vendor_work_count"
MPLADS-101691,MP_GUJ_2,Gujarat,Rajkot,CCTV Installation,1630000,1545856,Completed,Vendor Pvt Ltd 88,0.028378523194293237,"no_photo_flag, days_sanction_to_completion, days_rec_to_sanction"
MPLADS-103149,MP_DEL_3,Delhi,South Delhi,Irrigation Facility,3500000,0,Sanctioned,Vendor Pvt Ltd 83,0.028175346998732365,"is_round_amount, agency_work_count, release_ratio"
MPLADS-104744,MP_KER_2,Kerala,Kochi,Irrigation Facility,672000,643183,Completed,Vendor Pvt Ltd 120,0.02766996796689325,"no_photo_flag, amount_zscore_in_category, vendor_work_count"
MPLADS-100445,MP_KER_2,Kerala,Kozhikode,Street Lighting,300000,0,Recommended,Vendor Pvt Ltd 51,0.02660965398710935,"is_round_amount, release_ratio, amount_zscore_in_category"
MPLADS-103934,MP_KAR_3,Karnataka,Bengaluru,School Infrastructure,2242000,2242000,Completed,Vendor Pvt Ltd 6,0.026562439671811267,"no_photo_flag, desc_genericness_score, vendor_total_amount"
MPLADS-100017,MP_KER_3,Kerala,Kozhikode,Health Facility Upgrade,6588000,7745763,Completed,Vendor Pvt Ltd 86,0.02604583623415857,"over_release_flag, days_sanction_to_completion, amount_zscore_in_category"
MPLADS-104245,MP_UTT_2,Uttar Pradesh,Meerut,Road Construction/Repair,1597000,1540618,Completed,Vendor Pvt Ltd 34,0.025813775059220112,"no_photo_flag, agency_work_count, days_sanction_to_completion"
MPLADS-104714,MP_DEL_3,Delhi,New Delhi,Railway Halt Amenities,1150000,1143971,Completed,Vendor Pvt Ltd 5,0.02556857566947346,"no_photo_flag, amount_zscore_in_category, vendor_total_amount"
MPLADS-102115,MP_MAH_2,Maharashtra,Pune,Anganwadi Center Construction,400000,0,Sanctioned,Vendor Pvt Ltd 56,0.025265145126665445,"is_round_amount, release_ratio, amount_zscore_in_category"
MPLADS-105091,MP_RAJ_2,Rajasthan,Jodhpur,School Infrastructure,4523000,5416952,Completed,Vendor Pvt Ltd 76,0.02505920200210543,"over_release_flag, agency_work_count, release_ratio"
MPLADS-102796,MP_TAM_1,Tamil Nadu,Madurai,Solar Power Installation,949000,875517,Completed,Vendor Pvt Ltd 73,0.02476061735008228,"no_photo_flag, days_sanction_to_completion, vendor_work_count"
MPLADS-105178,MP_RAJ_2,Rajasthan,Jaipur,Sanitation/Toilets,200000,0,Recommended,Vendor Pvt Ltd 111,0.024529658841514035,"is_round_amount, amount_zscore_in_category, release_ratio"
MPLADS-101699,MP_BIH_1,Bihar,Muzaffarpur,Drinking Water Supply,2600000,0,Sanctioned,Vendor Pvt Ltd 4,0.023961569968820262,"is_round_amount, release_ratio, vendor_work_count"
MPLADS-102077,MP_KER_1,Kerala,Kochi,Health Facility Upgrade,600000,0,Sanctioned,Vendor Pvt Ltd 115,0.02357266769230637,"is_round_amount, amount_zscore_in_category, release_ratio"
MPLADS-104790,MP_GUJ_3,Gujarat,Vadodara,Railway Halt Amenities,1430000,0,Sanctioned,Vendor Pvt Ltd 44,0.023509287907568455,"desc_genericness_score, release_ratio, amount_zscore_in_category"
MPLADS-103023,MP_GUJ_4,Gujarat,Vadodara,Library/Reading Room,400000,391726,Completed,Vendor Pvt Ltd 85,0.023399074510104922,"is_round_amount, amount_zscore_in_category, release_ratio"
MPLADS-101837,MP_GUJ_4,Gujarat,Vadodara,Street Lighting,1800000,1746791,In Progress,Vendor Pvt Ltd 64,0.023099278399773993,"is_round_amount, vendor_total_amount, amount_zscore_in_category"
MPLADS-104346,MP_RAJ_1,Rajasthan,Jaipur,Irrigation Facility,600000,591828,Completed,Vendor Pvt Ltd 77,0.02307185565142078,"is_round_amount, days_sanction_to_completion, amount_zscore_in_category"
MPLADS-101366,MP_TAM_2,Tamil Nadu,Madurai,Railway Halt Amenities,3100000,0,Sanctioned,Vendor Pvt Ltd 66,0.022879937187130328,"is_round_amount, release_ratio, vendor_total_amount"
MPLADS-100869,MP_DEL_1,Delhi,New Delhi,Sanitation/Toilets,273000,261902,Completed,Vendor Pvt Ltd 75,0.022856518524232206,"no_photo_flag, amount_zscore_in_category, vendor_total_amount"
MPLADS-101483,MP_GUJ_5,Gujarat,Rajkot,CCTV Installation,600000,0,Recommended,Vendor Pvt Ltd 34,0.022459282688707227,"is_round_amount, release_ratio, agency_work_count"
MPLADS-105959,MP_WES_1,West Bengal,Howrah,Irrigation Facility,4169000,4065906,Completed,Vendor Pvt Ltd 97,0.022365205932764476,"no_photo_flag, days_rec_to_sanction, days_sanction_to_completion"
MPLADS-104325,MP_KAR_1,Karnataka,Hubli,Sanitation/Toilets,1434000,1420106,Completed,Vendor Pvt Ltd 70,0.022353718278626533,"no_photo_flag, amount_zscore_in_category, vendor_work_count"
MPLADS-100913,MP_KER_1,Kerala,Kozhikode,Sports Infrastructure,876000,854659,Completed,Vendor Pvt Ltd 106,0.022285793682858324,"days_sanction_to_completion, desc_genericness_score, days_rec_to_sanction"
MPLADS-104039,MP_KAR_3,Karnataka,Mysuru,Health Facility Upgrade,658000,653799,Completed,Vendor Pvt Ltd 69,0.02224579828791584,"no_photo_flag, amount_zscore_in_category, agency_work_count"
MPLADS-104554,MP_DEL_1,Delhi,South Delhi,Drinking Water Supply,700000,0,Sanctioned,Vendor Pvt Ltd 13,0.022049187270077653,"is_round_amount, release_ratio, amount_zscore_in_category"
MPLADS-105075,MP_MAH_4,Maharashtra,Thane,Library/Reading Room,2186000,2461042,In Progress,Vendor Pvt Ltd 25,0.021877707588718764,"over_release_flag, vendor_work_count, release_ratio"
MPLADS-103119,MP_GUJ_2,Gujarat,Surat,School Infrastructure,3600000,2986000,In Progress,Vendor Pvt Ltd 28,0.02134387789201564,"is_round_amount, vendor_work_count, desc_genericness_score"
MPLADS-104969,MP_GUJ_4,Gujarat,Vadodara,School Infrastructure,3384000,2118609,Completed,Vendor Pvt Ltd 15,0.021289175546526318,"no_photo_flag, desc_genericness_score, agency_work_count"
MPLADS-105875,MP_TAM_1,Tamil Nadu,Madurai,Library/Reading Room,1200000,516062,In Progress,Vendor Pvt Ltd 79,0.02115084493640651,"is_round_amount, vendor_total_amount, days_rec_to_sanction"
MPLADS-100325,MP_KAR_1,Karnataka,Belagavi,Sports Infrastructure,959000,409237,Completed,Vendor Pvt Ltd 89,0.021051948366948903,"no_photo_flag, amount_zscore_in_category, days_rec_to_sanction"
MPLADS-100760,MP_UTT_2,Uttar Pradesh,Kanpur,Irrigation Facility,880000,875130,Completed,Vendor Pvt Ltd 46,0.020533335517018414,"no_photo_flag, amount_zscore_in_category, agency_work_count"
MPLADS-101945,MP_UTT_1,Uttar Pradesh,Kanpur,Drinking Water Supply,4482000,4871277,Sanctioned,Vendor Pvt Ltd 35,0.019089180786811433,"over_release_flag, agency_work_count, amount_zscore_in_category"
MPLADS-101950,MP_KAR_2,Karnataka,Bengaluru,Anganwadi Center Construction,567000,557748,Completed,Vendor Pvt Ltd 25,0.01903057005230402,"no_photo_flag, vendor_work_count, amount_zscore_in_category"
MPLADS-105778,MP_GUJ_2,Gujarat,Ahmedabad,Drinking Water Supply,3000000,2856077,Completed,Vendor Pvt Ltd 86,0.018961290369151396,"is_round_amount, agency_work_count, release_ratio"
MPLADS-105427,MP_KAR_2,Karnataka,Bengaluru,Community Hall Construction,5251000,5664009,Completed,Vendor Pvt Ltd 38,0.01895500829014729,"over_release_flag, days_rec_to_sanction, release_ratio"
MPLADS-104949,MP_KER_2,Kerala,Kochi,Solar Power Installation,1100000,526007,In Progress,Vendor Pvt Ltd 116,0.018947940836765764,"is_round_amount, days_rec_to_sanction, amount_zscore_in_category"
MPLADS-104343,MP_GUJ_3,Gujarat,Vadodara,CCTV Installation,800000,0,Sanctioned,Vendor Pvt Ltd 81,0.018666211788312514,"is_round_amount, release_ratio, days_rec_to_sanction"
MPLADS-100586,MP_MAH_4,Maharashtra,Nashik,Irrigation Facility,5520000,5349762,Completed,Vendor Pvt Ltd 45,0.01863517245581847,"no_photo_flag, days_rec_to_sanction, days_sanction_to_completion"
MPLADS-101393,MP_WES_1,West Bengal,Darjeeling,Road Construction/Repair,7705000,7347570,Completed,Vendor Pvt Ltd 25,0.018609352135779522,"no_photo_flag, days_sanction_to_completion, vendor_work_count"
MPLADS-102565,MP_MAH_3,Maharashtra,Nagpur,Community Hall Construction,2500000,2344522,Completed,Vendor Pvt Ltd 19,0.018366224391918706,"is_round_amount, days_rec_to_sanction, days_sanction_to_completion"
MPLADS-102193,MP_MAH_1,Maharashtra,Pune,Road Construction/Repair,7000000,6559421,In Progress,Vendor Pvt Ltd 11,0.018308889714060195,"is_round_amount, days_rec_to_sanction, agency_work_count"
MPLADS-105181,MP_DEL_2,Delhi,New Delhi,Solar Power Installation,3153000,0,Sanctioned,Vendor Pvt Ltd 38,0.017876840672654826,"desc_genericness_score, release_ratio, amount_zscore_in_category"
MPLADS-105520,MP_DEL_3,Delhi,New Delhi,Road Construction/Repair,3609000,3383300,Completed,Vendor Pvt Ltd 2,0.017786550548316793,"no_photo_flag, days_sanction_to_completion, release_ratio"
MPLADS-105099,MP_KAR_1,Karnataka,Belagavi,Sports Infrastructure,408000,399744,Completed,Vendor Pvt Ltd 62,0.017771268466448498,"no_photo_flag, amount_zscore_in_category, desc_genericness_score"
MPLADS-102213,MP_GUJ_1,Gujarat,Vadodara,Solar Power Installation,2700000,0,Sanctioned,Vendor Pvt Ltd 111,0.017468237235597206,"is_round_amount, release_ratio, amount_zscore_in_category"
MPLADS-102831,MP_DEL_1,Delhi,North Delhi,School Infrastructure,4417000,4377414,Completed,Vendor Pvt Ltd 53,0.01714146963867791,"days_rec_to_sanction, agency_work_count, desc_genericness_score"
MPLADS-100552,MP_WES_1,West Bengal,Kolkata,Community Hall Construction,7500000,6939166,Completed,Vendor Pvt Ltd 17,0.017083822463123566,"is_round_amount, days_sanction_to_completion, amount_zscore_in_category"
MPLADS-102718,MP_GUJ_1,Gujarat,Vadodara,School Infrastructure,3048000,0,Completed,Vendor Pvt Ltd 45,0.017063986602374404,"no_photo_flag, release_ratio, desc_genericness_score"
MPLADS-105642,MP_KAR_1,Karnataka,Mysuru,Sports Infrastructure,1902000,2042352,In Progress,Vendor Pvt Ltd 81,0.017036558750952446,"over_release_flag, desc_genericness_score, release_ratio"
MPLADS-100787,MP_WES_1,West Bengal,Howrah,Drinking Water Supply,3600000,0,Recommended,Vendor Pvt Ltd 85,0.016967447918186496,"is_round_amount, release_ratio, amount_zscore_in_category"
MPLADS-100518,MP_WES_1,West Bengal,Malda,Sanitation/Toilets,1030000,1002094,Completed,Vendor Pvt Ltd 53,0.01677385152785471,"no_photo_flag, days_sanction_to_completion, days_rec_to_sanction"
MPLADS-103048,MP_WES_2,West Bengal,Darjeeling,Drinking Water Supply,4200000,3890830,Completed,Vendor Pvt Ltd 108,0.016756731625694465,"is_round_amount, amount_zscore_in_category, vendor_total_amount"
MPLADS-100501,MP_UTT_1,Uttar Pradesh,Meerut,Anganwadi Center Construction,1041000,1268941,Completed,Vendor Pvt Ltd 112,0.01668128424843962,"over_release_flag, agency_work_count, release_ratio"
MPLADS-104078,MP_GUJ_1,Gujarat,Vadodara,Community Hall Construction,6800000,4930352,In Progress,Vendor Pvt Ltd 104,0.016627278434543702,"is_round_amount, days_rec_to_sanction, amount_zscore_in_category"
MPLADS-103862,MP_MAH_1,Maharashtra,Aurangabad,Irrigation Facility,700000,0,Sanctioned,Vendor Pvt Ltd 74,0.016158488124990322,"is_round_amount, amount_zscore_in_category, release_ratio"
MPLADS-102607,MP_MAH_3,Maharashtra,Aurangabad,Community Hall Construction,5800000,0,Sanctioned,Vendor Pvt Ltd 112,0.01603944796523049,"is_round_amount, release_ratio, days_sanction_to_completion"
MPLADS-100546,MP_KAR_1,Karnataka,Hubli,Library/Reading Room,2127000,0,Sanctioned,Vendor Pvt Ltd 18,0.01595512166635704,"agency_work_count, days_rec_to_sanction, vendor_total_amount"
MPLADS-102902,MP_KAR_2,Karnataka,Mysuru,Sanitation/Toilets,1299000,1596355,Completed,Vendor Pvt Ltd 93,0.015685062882161094,"over_release_flag, release_ratio, amount_zscore_in_category"
MPLADS-101178,MP_TAM_1,Tamil Nadu,Salem,Anganwadi Center Construction,300000,292192,Completed,Vendor Pvt Ltd 86,0.01559647377367468,"is_round_amount, amount_zscore_in_category, days_rec_to_sanction"
MPLADS-104120,MP_MAH_1,Maharashtra,Nagpur,Community Hall Construction,7586000,7165839,Completed,Vendor Pvt Ltd 55,0.015369161570440437,"no_photo_flag, agency_work_count, amount_zscore_in_category"
MPLADS-101554,MP_TAM_1,Tamil Nadu,Salem,School Infrastructure,3490000,4257782,Completed,Vendor Pvt Ltd 40,0.015339734444382191,"over_release_flag, release_ratio, desc_genericness_score"
MPLADS-103339,MP_BIH_2,Bihar,Bhagalpur,Anganwadi Center Construction,1360000,1264780,Completed,Vendor Pvt Ltd 52,0.015302291273787016,"no_photo_flag, vendor_total_amount, release_ratio"
MPLADS-100565,MP_MAH_2,Maharashtra,Aurangabad,Railway Halt Amenities,9200000,8568881,Completed,Vendor Pvt Ltd 23,0.015011127415750836,"is_round_amount, amount_zscore_in_category, agency_work_count"
MPLADS-105328,MP_KER_3,Kerala,Kozhikode,Drinking Water Supply,4162000,0,Completed,Vendor Pvt Ltd 74,0.014980767492185354,"no_photo_flag, agency_work_count, days_rec_to_sanction"
MPLADS-103596,MP_GUJ_5,Gujarat,Ahmedabad,Sanitation/Toilets,900000,0,Recommended,Vendor Pvt Ltd 74,0.014517727533696623,"is_round_amount, release_ratio, agency_work_count"
MPLADS-100910,MP_RAJ_1,Rajasthan,Udaipur,School Infrastructure,5741000,5500492,Completed,Vendor Pvt Ltd 64,0.014271220977071564,"agency_work_count, days_sanction_to_completion, amount_zscore_in_category"
MPLADS-103079,MP_DEL_1,Delhi,North Delhi,Solar Power Installation,3009000,2789091,Completed,Vendor Pvt Ltd 93,0.01391372399625268,"no_photo_flag, days_sanction_to_completion, amount_zscore_in_category"
MPLADS-101784,MP_RAJ_1,Rajasthan,Jodhpur,CCTV Installation,1521000,1499020,Completed,Vendor Pvt Ltd 85,0.01386272396627275,"no_photo_flag, days_rec_to_sanction, agency_work_count"
MPLADS-105050,MP_TAM_2,Tamil Nadu,Salem,Road Construction/Repair,6134000,5703098,Completed,Vendor Pvt Ltd 54,0.013827408041629186,"no_photo_flag, agency_work_count, days_sanction_to_completion"
MPLADS-101050,MP_KER_2,Kerala,Kozhikode,Sanitation/Toilets,600000,0,Sanctioned,Vendor Pvt Ltd 120,0.013810563819033228,"is_round_amount, release_ratio, vendor_work_count"
MPLADS-100031,MP_KAR_1,Karnataka,Bengaluru,CCTV Installation,2400000,2348377,Completed,Vendor Pvt Ltd 85,0.01361900198461341,"is_round_amount, amount_zscore_in_category, days_sanction_to_completion"
MPLADS-104716,MP_GUJ_1,Gujarat,Surat,Railway Halt Amenities,1200000,1192152,Completed,Vendor Pvt Ltd 14,0.01332250694689352,"is_round_amount, amount_zscore_in_category, days_sanction_to_completion"
MPLADS-101525,MP_DEL_1,Delhi,New Delhi,Anganwadi Center Construction,796000,771108,Completed,Vendor Pvt Ltd 31,0.013157428493992929,"no_photo_flag, agency_work_count, vendor_total_amount"
MPLADS-103543,MP_WES_1,West Bengal,Kolkata,Anganwadi Center Construction,1878000,1774008,Completed,Vendor Pvt Ltd 15,0.013107758105047385,"no_photo_flag, days_rec_to_sanction, amount_zscore_in_category"
MPLADS-103885,MP_GUJ_2,Gujarat,Surat,CCTV Installation,1988000,1834835,Completed,Vendor Pvt Ltd 76,0.012962358485470005,"no_photo_flag, days_sanction_to_completion, amount_zscore_in_category"
MPLADS-101283,MP_GUJ_5,Gujarat,Rajkot,School Infrastructure,4084000,3977300,Completed,Vendor Pvt Ltd 45,0.012837084567549284,"no_photo_flag, desc_genericness_score, vendor_total_amount"
MPLADS-103700,MP_KER_2,Kerala,Thiruvananthapuram,Road Construction/Repair,5500000,5500000,Completed,Vendor Pvt Ltd 114,0.012806406842372109,"is_round_amount, days_rec_to_sanction, release_ratio"
MPLADS-105491,MP_BIH_2,Bihar,Patna,Health Facility Upgrade,6346000,6030544,Completed,Vendor Pvt Ltd 25,0.012776745422156233,"no_photo_flag, amount_zscore_in_category, vendor_work_count"
MPLADS-101194,MP_TAM_2,Tamil Nadu,Chennai,Railway Halt Amenities,3600000,3156182,In Progress,Vendor Pvt Ltd 87,0.012766027926186085,"is_round_amount, days_rec_to_sanction, days_sanction_to_completion"
MPLADS-100472,MP_KER_1,Kerala,Kochi,Sanitation/Toilets,1437000,1588134,In Progress,Vendor Pvt Ltd 61,0.01271608335814578,"over_release_flag, amount_zscore_in_category, release_ratio"
MPLADS-102215,MP_UTT_1,Uttar Pradesh,Kanpur,Community Hall Construction,5525000,5412386,Completed,Vendor Pvt Ltd 64,0.012690051824516102,"no_photo_flag, vendor_total_amount, days_rec_to_sanction"
MPLADS-105407,MP_TAM_2,Tamil Nadu,Madurai,CCTV Installation,1617000,1574960,Completed,Vendor Pvt Ltd 102,0.012657010316672213,"no_photo_flag, days_sanction_to_completion, agency_work_count"
MPLADS-101803,MP_WES_2,West Bengal,Darjeeling,Street Lighting,1979000,2232539,Sanctioned,Vendor Pvt Ltd 51,0.01265326356059393,"over_release_flag, amount_zscore_in_category, release_ratio"
MPLADS-105785,MP_UTT_2,Uttar Pradesh,Kanpur,Solar Power Installation,690000,689453,Completed,Vendor Pvt Ltd 102,0.012479714710988188,"no_photo_flag, days_sanction_to_completion, amount_zscore_in_category"
MPLADS-103164,MP_UTT_2,Uttar Pradesh,Meerut,Street Lighting,259000,259000,Completed,Vendor Pvt Ltd 66,0.012160015594399609,"no_photo_flag, amount_zscore_in_category, vendor_total_amount"
MPLADS-101452,MP_BIH_2,Bihar,Muzaffarpur,Health Facility Upgrade,4000000,3714740,Completed,Vendor Pvt Ltd 118,0.01181865003460525,"is_round_amount, days_sanction_to_completion, agency_work_count"
MPLADS-100408,MP_GUJ_2,Gujarat,Rajkot,Library/Reading Room,1852000,0,Completed,Vendor Pvt Ltd 55,0.0114241194741449,"no_photo_flag, agency_work_count, release_ratio"
MPLADS-103366,MP_TAM_1,Tamil Nadu,Chennai,Sanitation/Toilets,1191000,1420694,Completed,Vendor Pvt Ltd 54,0.011325699620120089,"over_release_flag, agency_work_count, release_ratio"
MPLADS-103551,MP_UTT_1,Uttar Pradesh,Kanpur,Sanitation/Toilets,222000,274195,Recommended,Vendor Pvt Ltd 109,0.01128119822755591,"over_release_flag, amount_zscore_in_category, release_ratio"
MPLADS-102842,MP_MAH_1,Maharashtra,Nashik,Community Hall Construction,1385000,1314633,Completed,Vendor Pvt Ltd 81,0.011275691264942322,"no_photo_flag, amount_zscore_in_category, days_rec_to_sanction"
MPLADS-104562,MP_KER_2,Kerala,Kochi,Road Construction/Repair,7730000,8379330,Sanctioned,Vendor Pvt Ltd 20,0.011243712382562276,"over_release_flag, release_ratio, vendor_work_count"
MPLADS-105790,MP_KAR_3,Karnataka,Mysuru,Street Lighting,1425000,1340867,Completed,Vendor Pvt Ltd 80,0.011195374806375336,"no_photo_flag, days_rec_to_sanction, days_sanction_to_completion"
MPLADS-104607,MP_GUJ_3,Gujarat,Surat,Sanitation/Toilets,800000,739779,Completed,Vendor Pvt Ltd 28,0.010811752433567245,"is_round_amount, days_rec_to_sanction, vendor_work_count"
MPLADS-102362,MP_RAJ_2,Rajasthan,Jaipur,Health Facility Upgrade,6700000,6195103,Completed,Vendor Pvt Ltd 117,0.010470080382045333,"is_round_amount, amount_zscore_in_category, release_ratio"
MPLADS-105208,MP_KAR_3,Karnataka,Mysuru,CCTV Installation,1338000,1293177,Completed,Vendor Pvt Ltd 88,0.010443112997751802,"no_photo_flag, days_sanction_to_completion, agency_work_count"
MPLADS-105094,MP_RAJ_1,Rajasthan,Jaipur,Sports Infrastructure,3402000,3760909,Recommended,Vendor Pvt Ltd 116,0.010050753741173701,"over_release_flag, release_ratio, desc_genericness_score"
MPLADS-100262,MP_MAH_4,Maharashtra,Thane,Library/Reading Room,500000,476171,Completed,Vendor Pvt Ltd 101,0.009852344405179236,"is_round_amount, amount_zscore_in_category, days_rec_to_sanction"
MPLADS-101500,MP_KER_4,Kerala,Kochi,Sanitation/Toilets,967000,923574,Completed,Vendor Pvt Ltd 44,0.009792912476250804,"no_photo_flag, vendor_total_amount, vendor_work_count"
MPLADS-103942,MP_GUJ_1,Gujarat,Ahmedabad,Solar Power Installation,598000,299000,In Progress,Vendor Pvt Ltd 16,0.009218343622919067,"days_sanction_to_completion, days_rec_to_sanction, amount_zscore_in_category"
MPLADS-102403,MP_WES_1,West Bengal,Howrah,Sanitation/Toilets,1000000,0,Recommended,Vendor Pvt Ltd 118,0.009015665133778494,"is_round_amount, release_ratio, days_rec_to_sanction"
MPLADS-101335,MP_KAR_1,Karnataka,Mysuru,Sanitation/Toilets,565000,561738,Completed,Vendor Pvt Ltd 2,0.009015226014431277,"no_photo_flag, agency_work_count, release_ratio"
MPLADS-102628,MP_MAH_1,Maharashtra,Thane,Solar Power Installation,2196000,2146636,Completed,Vendor Pvt Ltd 38,0.008670503926110906,"no_photo_flag, days_sanction_to_completion, days_rec_to_sanction"
MPLADS-105658,MP_GUJ_5,Gujarat,Rajkot,Street Lighting,1420000,1363438,Completed,Vendor Pvt Ltd 47,0.008579859437414683,"no_photo_flag, days_sanction_to_completion, release_ratio"
MPLADS-100599,MP_DEL_3,Delhi,North Delhi,Railway Halt Amenities,3000000,1513809,In Progress,Vendor Pvt Ltd 9,0.008334262949547866,"is_round_amount, agency_work_count, amount_zscore_in_category"
MPLADS-101544,MP_RAJ_2,Rajasthan,Jodhpur,Drinking Water Supply,3741000,4193100,In Progress,Vendor Pvt Ltd 44,0.008086473494917534,"over_release_flag, vendor_total_amount, release_ratio"
MPLADS-105239,MP_TAM_1,Tamil Nadu,Madurai,Health Facility Upgrade,5999000,6789627,Sanctioned,Vendor Pvt Ltd 7,0.00801605549067319,"over_release_flag, release_ratio, amount_zscore_in_category"
MPLADS-105639,MP_KER_1,Kerala,Thiruvananthapuram,Library/Reading Room,1300000,1239443,Completed,Vendor Pvt Ltd 50,0.007995752474582285,"is_round_amount, days_rec_to_sanction, days_sanction_to_completion"
MPLADS-100706,MP_BIH_1,Bihar,Muzaffarpur,Sports Infrastructure,3203000,3775338,Completed,Vendor Pvt Ltd 60,0.007889756583620122,"over_release_flag, release_ratio, desc_genericness_score"
MPLADS-100604,MP_KER_2,Kerala,Kozhikode,Sanitation/Toilets,1000000,0,Sanctioned,Vendor Pvt Ltd 87,0.007875518845416485,"is_round_amount, release_ratio, days_sanction_to_completion"
MPLADS-100730,MP_KER_4,Kerala,Kochi,Sports Infrastructure,4178000,3909349,Completed,Vendor Pvt Ltd 107,0.007841865755742528,"no_photo_flag, days_sanction_to_completion, amount_zscore_in_category"
MPLADS-101477,MP_WES_2,West Bengal,Darjeeling,CCTV Installation,1600000,1247497,In Progress,Vendor Pvt Ltd 33,0.007737442547681939,"is_round_amount, agency_work_count, days_sanction_to_completion"
MPLADS-100530,MP_MAH_2,Maharashtra,Thane,Drinking Water Supply,1736000,0,Sanctioned,Vendor Pvt Ltd 109,0.007631167333650768,"desc_genericness_score, release_ratio, days_rec_to_sanction"
MPLADS-100696,MP_MAH_4,Maharashtra,Nashik,Library/Reading Room,1743000,1705284,Completed,Vendor Pvt Ltd 53,0.007430454965735911,"no_photo_flag, days_rec_to_sanction, release_ratio"
MPLADS-102980,MP_KER_4,Kerala,Kochi,Anganwadi Center Construction,483000,473849,Completed,Vendor Pvt Ltd 66,0.007131524702760239,"no_photo_flag, amount_zscore_in_category, vendor_total_amount"
MPLADS-102745,MP_RAJ_2,Rajasthan,Udaipur,Anganwadi Center Construction,862000,849681,Completed,Vendor Pvt Ltd 32,0.007126430995999855,"no_photo_flag, days_sanction_to_completion, agency_work_count"
MPLADS-101021,MP_UTT_2,Uttar Pradesh,Meerut,School Infrastructure,4802000,4751177,Completed,Vendor Pvt Ltd 38,0.0071030797069938645,"no_photo_flag, amount_zscore_in_category, desc_genericness_score"
MPLADS-100023,MP_KAR_1,Karnataka,Belagavi,Anganwadi Center Construction,631000,631000,Completed,Vendor Pvt Ltd 58,0.007031206708977056,"no_photo_flag, vendor_work_count, amount_zscore_in_category"
MPLADS-101906,MP_KER_4,Kerala,Kochi,School Infrastructure,2882000,2753669,Completed,Vendor Pvt Ltd 112,0.006796739960845066,"no_photo_flag, days_rec_to_sanction, desc_genericness_score"
MPLADS-102488,MP_WES_1,West Bengal,Howrah,CCTV Installation,358000,408425,Completed,Vendor Pvt Ltd 90,0.006689301130987091,"over_release_flag, amount_zscore_in_category, days_sanction_to_completion"
MPLADS-101374,MP_GUJ_4,Gujarat,Ahmedabad,Sports Infrastructure,3104000,3781798,Recommended,Vendor Pvt Ltd 118,0.006510500342461589,"over_release_flag, release_ratio, desc_genericness_score"
MPLADS-102053,MP_GUJ_4,Gujarat,Surat,Sports Infrastructure,3100000,2930011,Completed,Vendor Pvt Ltd 34,0.006453660090723012,"is_round_amount, days_rec_to_sanction, desc_genericness_score"
MPLADS-102759,MP_GUJ_5,Gujarat,Surat,Road Construction/Repair,8169000,7689080,Completed,Vendor Pvt Ltd 75,0.0064313304168310825,"no_photo_flag, vendor_total_amount, amount_zscore_in_category"
MPLADS-101586,MP_GUJ_1,Gujarat,Surat,Solar Power Installation,2500000,0,Sanctioned,Vendor Pvt Ltd 65,0.006331266499256083,"is_round_amount, release_ratio, days_sanction_to_completion"
MPLADS-102840,MP_WES_2,West Bengal,Malda,Solar Power Installation,2768000,2592958,Completed,Vendor Pvt Ltd 19,0.006224008447340168,"no_photo_flag, days_sanction_to_completion, vendor_total_amount"
MPLADS-101501,MP_GUJ_2,Gujarat,Ahmedabad,Solar Power Installation,3481000,3278136,Completed,Vendor Pvt Ltd 53,0.006139060466128665,"no_photo_flag, amount_zscore_in_category, days_rec_to_sanction"
MPLADS-105633,MP_KER_2,Kerala,Kozhikode,CCTV Installation,2300000,2209096,Completed,Vendor Pvt Ltd 39,0.006025028182583547,"is_round_amount, amount_zscore_in_category, days_sanction_to_completion"
MPLADS-103601,MP_KAR_1,Karnataka,Hubli,Health Facility Upgrade,1113000,1294516,Completed,Vendor Pvt Ltd 22,0.005976037607158369,"over_release_flag, release_ratio, amount_zscore_in_category"
MPLADS-105206,MP_KER_3,Kerala,Kochi,Drinking Water Supply,1241000,1147503,Completed,Vendor Pvt Ltd 59,0.005561961674941496,"no_photo_flag, days_sanction_to_completion, amount_zscore_in_category"
MPLADS-103364,MP_KAR_3,Karnataka,Bengaluru,Anganwadi Center Construction,514000,484145,Completed,Vendor Pvt Ltd 26,0.005414644719285766,"no_photo_flag, days_sanction_to_completion, amount_zscore_in_category"
MPLADS-101370,MP_KER_4,Kerala,Thiruvananthapuram,Irrigation Facility,5500000,5190731,Completed,Vendor Pvt Ltd 28,0.005392251888729049,"is_round_amount, agency_work_count, vendor_work_count"
MPLADS-104143,MP_GUJ_3,Gujarat,Rajkot,School Infrastructure,4786000,4611700,Completed,Vendor Pvt Ltd 90,0.005176750926454754,"no_photo_flag, days_sanction_to_completion, desc_genericness_score"
MPLADS-102465,MP_BIH_1,Bihar,Gaya,Solar Power Installation,3051000,1072300,In Progress,Vendor Pvt Ltd 116,0.005007151751094341,"desc_genericness_score, amount_zscore_in_category, vendor_total_amount"
MPLADS-105853,MP_GUJ_2,Gujarat,Vadodara,Drinking Water Supply,1200000,1140748,Completed,Vendor Pvt Ltd 28,0.004957343664326319,"is_round_amount, vendor_work_count, amount_zscore_in_category"
MPLADS-100624,MP_BIH_1,Bihar,Gaya,Health Facility Upgrade,4731000,4548650,Completed,Vendor Pvt Ltd 71,0.004935174479083981,"no_photo_flag, days_sanction_to_completion, agency_work_count"
MPLADS-105217,MP_MAH_4,Maharashtra,Thane,Anganwadi Center Construction,1086000,1183040,In Progress,Vendor Pvt Ltd 22,0.004792237999215021,"over_release_flag, days_rec_to_sanction, release_ratio"
MPLADS-100930,MP_TAM_2,Tamil Nadu,Salem,Solar Power Installation,1300000,0,Recommended,Vendor Pvt Ltd 78,0.004783819971858394,"is_round_amount, release_ratio, days_rec_to_sanction"
MPLADS-101158,MP_GUJ_5,Gujarat,Rajkot,CCTV Installation,1520000,1632455,Completed,Vendor Pvt Ltd 94,0.004714522479863037,"over_release_flag, agency_work_count, release_ratio"
MPLADS-105454,MP_TAM_2,Tamil Nadu,Salem,School Infrastructure,5513000,3672460,Completed,Vendor Pvt Ltd 91,0.004682940415785097,"no_photo_flag, amount_zscore_in_category, desc_genericness_score"
MPLADS-104601,MP_TAM_2,Tamil Nadu,Salem,Solar Power Installation,2728000,2573675,Completed,Vendor Pvt Ltd 22,0.004271065135204921,"no_photo_flag, days_rec_to_sanction, agency_work_count"
MPLADS-104734,MP_KER_4,Kerala,Kozhikode,Railway Halt Amenities,7200000,0,Recommended,Vendor Pvt Ltd 34,0.004247691878791815,"is_round_amount, release_ratio, amount_zscore_in_category"
MPLADS-101658,MP_GUJ_2,Gujarat,Ahmedabad,Library/Reading Room,854000,847245,Completed,Vendor Pvt Ltd 86,0.0041230136757890445,"no_photo_flag, days_rec_to_sanction, days_sanction_to_completion"
MPLADS-101570,MP_WES_1,West Bengal,Kolkata,CCTV Installation,2222000,2202155,Completed,Vendor Pvt Ltd 59,0.003908301344354048,"no_photo_flag, days_sanction_to_completion, amount_zscore_in_category"
MPLADS-104717,MP_DEL_2,Delhi,New Delhi,Sports Infrastructure,1220000,1217029,Completed,Vendor Pvt Ltd 99,0.003885473125234018,"no_photo_flag, days_rec_to_sanction, amount_zscore_in_category"
MPLADS-101550,MP_KAR_1,Karnataka,Bengaluru,Street Lighting,1900000,1822989,Completed,Vendor Pvt Ltd 87,0.003565987513823199,"is_round_amount, amount_zscore_in_category, release_ratio"
MPLADS-100254,MP_DEL_1,Delhi,New Delhi,Solar Power Installation,1939000,1939000,Completed,Vendor Pvt Ltd 120,0.0032614774636370303,"no_photo_flag, vendor_work_count, release_ratio"
MPLADS-104816,MP_KER_1,Kerala,Kochi,Library/Reading Room,333000,399974,In Progress,Vendor Pvt Ltd 107,0.00304625239710421,"over_release_flag, amount_zscore_in_category, release_ratio"
MPLADS-100681,MP_MAH_3,Maharashtra,Thane,Drinking Water Supply,1525000,1660213,Sanctioned,Vendor Pvt Ltd 20,0.0029722044787729995,"over_release_flag, release_ratio, vendor_work_count"
MPLADS-100469,MP_GUJ_5,Gujarat,Vadodara,Irrigation Facility,3200000,3153380,Completed,Vendor Pvt Ltd 72,0.0024934626407063787,"is_round_amount, vendor_work_count, release_ratio"
MPLADS-103891,MP_UTT_2,Uttar Pradesh,Varanasi,Community Hall Construction,2347000,2283467,Completed,Vendor Pvt Ltd 7,0.0021321270639058643,"no_photo_flag, amount_zscore_in_category, days_sanction_to_completion"
MPLADS-104239,MP_UTT_1,Uttar Pradesh,Varanasi,Drinking Water Supply,346000,411413,Completed,Vendor Pvt Ltd 83,0.0021129606326225625,"over_release_flag, amount_zscore_in_category, release_ratio"
MPLADS-105755,MP_GUJ_4,Gujarat,Ahmedabad,Community Hall Construction,7864000,0,Completed,Vendor Pvt Ltd 37,0.0020002914591527032,"no_photo_flag, release_ratio, amount_zscore_in_category"
MPLADS-100715,MP_KAR_3,Karnataka,Hubli,Library/Reading Room,2077000,1919232,Completed,Vendor Pvt Ltd 31,0.00197302200117655,"no_photo_flag, days_sanction_to_completion, amount_zscore_in_category"
MPLADS-102240,MP_GUJ_1,Gujarat,Vadodara,Solar Power Installation,1866000,0,Sanctioned,Vendor Pvt Ltd 50,0.001944922982194397,"desc_genericness_score, release_ratio, days_rec_to_sanction"
MPLADS-102271,MP_RAJ_1,Rajasthan,Jodhpur,Health Facility Upgrade,1700000,1468430,In Progress,Vendor Pvt Ltd 12,0.0017766510669158242,"is_round_amount, amount_zscore_in_category, agency_work_count"
MPLADS-105314,MP_KER_1,Kerala,Kozhikode,Health Facility Upgrade,6791000,6791000,Completed,Vendor Pvt Ltd 80,0.0017720910595682149,"no_photo_flag, amount_zscore_in_category, agency_work_count"
MPLADS-105717,MP_UTT_1,Uttar Pradesh,Kanpur,Road Construction/Repair,1261000,1234500,Completed,Vendor Pvt Ltd 35,0.0015731726430391335,"no_photo_flag, amount_zscore_in_category, days_rec_to_sanction"
MPLADS-104386,MP_GUJ_5,Gujarat,Rajkot,Library/Reading Room,1200000,1189563,Completed,Vendor Pvt Ltd 6,0.0015000903736615001,"is_round_amount, vendor_total_amount, release_ratio"
MPLADS-101354,MP_KER_3,Kerala,Thiruvananthapuram,Road Construction/Repair,1862000,0,Completed,Vendor Pvt Ltd 34,0.0014130256458866342,"no_photo_flag, days_rec_to_sanction, release_ratio"
MPLADS-101309,MP_TAM_1,Tamil Nadu,Salem,Solar Power Installation,1125000,1109470,Completed,Vendor Pvt Ltd 4,0.00137660312103427,"no_photo_flag, vendor_work_count, days_sanction_to_completion"
MPLADS-103143,MP_GUJ_3,Gujarat,Surat,School Infrastructure,3852000,3852000,Completed,Vendor Pvt Ltd 17,0.0011364411605206959,"no_photo_flag, desc_genericness_score, vendor_total_amount"
MPLADS-103063,MP_KER_2,Kerala,Kozhikode,Solar Power Installation,2400000,2208401,Completed,Vendor Pvt Ltd 62,0.0008238584774304947,"is_round_amount, agency_work_count, days_sanction_to_completion"
MPLADS-102717,MP_KAR_2,Karnataka,Belagavi,Irrigation Facility,7001000,6605511,Completed,Vendor Pvt Ltd 42,0.000797720023746229,"no_photo_flag, amount_zscore_in_category, release_ratio"
MPLADS-103817,MP_MAH_2,Maharashtra,Pune,Drinking Water Supply,2800000,2446811,In Progress,Vendor Pvt Ltd 58,0.0005733803648518832,"is_round_amount, vendor_work_count, days_sanction_to_completion"
MPLADS-104378,MP_MAH_3,Maharashtra,Nashik,School Infrastructure,3836000,4374179,Sanctioned,Vendor Pvt Ltd 96,0.0005291860850349384,"over_release_flag, release_ratio, agency_work_count"
MPLADS-104600,MP_KAR_1,Karnataka,Belagavi,Health Facility Upgrade,1958000,2231223,In Progress,Vendor Pvt Ltd 41,0.0002882678326794341,"over_release_flag, release_ratio, days_rec_to_sanction"
MPLADS-105165,MP_RAJ_2,Rajasthan,Udaipur,Irrigation Facility,3400000,1705046,In Progress,Vendor Pvt Ltd 54,0.0002747318498933504,"is_round_amount, agency_work_count, days_sanction_to_completion"
MPLADS-105878,MP_GUJ_5,Gujarat,Vadodara,Library/Reading Room,2077000,1991168,Completed,Vendor Pvt Ltd 115,9.535031953111783e-06,"no_photo_flag, agency_work_count, amount_zscore_in_category"
