work_id,mp_name,state,district,work_category,sanctioned_amount,released_amount,status,vendor,implementing_agency,ensemble_score,network_risk_flag,top_flag_reasons
MPLADS-103958,MP_WES_2,West Bengal,Malda,Drinking Water Supply,6919650,0,Sanctioned,Vendor Pvt Ltd 1,Implementing Agency 23,0.6795628016858208,1,"amount_zscore_in_category, release_ratio, days_sanction_to_completion"
MPLADS-101586,MP_HIM_1,Himachal Pradesh,Shimla,Street Lighting,300000,283492,Completed,Vendor Pvt Ltd 24,Implementing Agency 59,0.6767521322523227,0,"is_round_amount, no_photo_flag, desc_generic_flag"
MPLADS-105230,MP_RAJ_5,Rajasthan,Jodhpur,School Infrastructure,3100000,2868927,Completed,Vendor Pvt Ltd 108,Implementing Agency 28,0.6562596985525639,0,"is_round_amount, no_photo_flag, release_ratio"
MPLADS-103154,MP_DAM_3,Daman & Diu,Diu,Sanitation/Toilets,200000,205729,Completed,Vendor Pvt Ltd 31,Implementing Agency 29,0.6508791398475466,0,"over_release_flag, is_round_amount, desc_generic_flag"
MPLADS-102549,MP_NAG_2,Nagaland,Dimapur,Street Lighting,500000,531291,Completed,Vendor Pvt Ltd 11,Implementing Agency 29,0.6505530673306911,0,"over_release_flag, is_round_amount, desc_generic_flag"
MPLADS-103149,MP_PUD_2,Puducherry,Karaikal,Drinking Water Supply,2200000,2217754,Completed,Vendor Pvt Ltd 77,Implementing Agency 55,0.6428424951275491,0,"over_release_flag, is_round_amount, days_sanction_to_completion"
MPLADS-103399,MP_UTT_2,Uttar Pradesh,Varanasi,Community Hall Construction,6600000,6522980,Completed,Vendor Pvt Ltd 28,Implementing Agency 59,0.6407219486104878,0,"is_round_amount, no_photo_flag, desc_generic_flag"
MPLADS-104834,MP_AND_3,Andhra Pradesh,Visakhapatnam,Solar Power Installation,700000,732376,Completed,Vendor Pvt Ltd 18,Implementing Agency 58,0.6388537327939852,0,"over_release_flag, is_round_amount, amount_zscore_in_category"
MPLADS-104386,MP_PUD_4,Puducherry,Karaikal,Sanitation/Toilets,500000,510028,Completed,Vendor Pvt Ltd 99,Implementing Agency 11,0.6368039154170423,0,"over_release_flag, is_round_amount, days_rec_to_sanction"
MPLADS-102582,MP_PUD_1,Puducherry,Karaikal,Community Hall Construction,13254266,7073897,Completed,Vendor Pvt Ltd 1,Implementing Agency 48,0.6034487759244048,1,"amount_zscore_in_category, days_sanction_to_completion, days_rec_to_sanction"
MPLADS-103615,MP_GOA_1,Goa,South Goa,Health Facility Upgrade,10787373,1867650,In Progress,Vendor Pvt Ltd 1,Implementing Agency 40,0.6002592271852217,1,"amount_zscore_in_category, release_ratio, days_sanction_to_completion"
MPLADS-103049,MP_NAG_2,Nagaland,Kohima,School Infrastructure,2895000,3486164,Completed,Vendor Pvt Ltd 47,Implementing Agency 10,0.5857056710012684,0,"over_release_flag, no_photo_flag, release_ratio"
MPLADS-104071,MP_ODI_1,Odisha,Bhubaneswar,Irrigation Facility,8786000,10842477,In Progress,Vendor Pvt Ltd 37,Implementing Agency 11,0.5782841895112518,0,"over_release_flag, days_rec_to_sanction, desc_generic_flag"
MPLADS-102488,MP_TEL_3,Telangana,Hyderabad,Road Construction/Repair,3512000,3748911,Completed,Vendor Pvt Ltd 64,Implementing Agency 34,0.5680347899699298,0,"over_release_flag, no_photo_flag, release_ratio"
MPLADS-104250,MP_MEG_1,Meghalaya,Tura,Anganwadi Center Construction,3019130,1744955,Completed,Vendor Pvt Ltd 1,Implementing Agency 52,0.5675042942051146,1,"amount_zscore_in_category, days_sanction_to_completion, days_rec_to_sanction"
MPLADS-101438,MP_MAN_2,Manipur,Imphal,Library/Reading Room,3425149,0,Recommended,Vendor Pvt Ltd 1,Implementing Agency 14,0.5513122027690577,1,"amount_zscore_in_category, release_ratio, days_rec_to_sanction"
MPLADS-100730,MP_TAM_3,Tamil Nadu,Salem,CCTV Installation,297000,0,Completed,Vendor Pvt Ltd 10,Implementing Agency 43,0.5475823365898005,1,"no_photo_flag, days_rec_to_sanction, release_ratio"
MPLADS-101700,MP_KER_1,Kerala,Kozhikode,Community Hall Construction,11789797,0,Recommended,Vendor Pvt Ltd 1,Implementing Agency 18,0.546082066231991,1,"amount_zscore_in_category, desc_generic_flag, release_ratio"
MPLADS-101321,MP_TRI_5,Tripura,Agartala,Road Construction/Repair,543000,593185,Sanctioned,Vendor Pvt Ltd 34,Implementing Agency 19,0.5444647642996581,0,"over_release_flag, days_rec_to_sanction, desc_generic_flag"
MPLADS-102234,MP_UTT_1,Uttar Pradesh,Varanasi,Solar Power Installation,557000,513305,Completed,Vendor Pvt Ltd 9,Implementing Agency 12,0.5384237898268279,0,"days_rec_to_sanction, days_sanction_to_completion, desc_generic_flag"
MPLADS-102913,MP_MAH_2,Maharashtra,Nagpur,Railway Halt Amenities,14356026,5198637,In Progress,Vendor Pvt Ltd 1,Implementing Agency 60,0.5091292913482532,1,"amount_zscore_in_category, desc_generic_flag, days_rec_to_sanction"
MPLADS-101244,MP_CHH_2,Chhattisgarh,Raipur,Anganwadi Center Construction,1962000,1906423,Completed,Vendor Pvt Ltd 2,Implementing Agency 39,0.4987593302495692,0,"no_photo_flag, days_sanction_to_completion, desc_generic_flag"
MPLADS-101225,MP_DAM_3,Daman & Diu,Diu,Road Construction/Repair,4920000,1710607,Completed,Vendor Pvt Ltd 98,Implementing Agency 31,0.49659970962570293,0,"no_photo_flag, days_rec_to_sanction, days_sanction_to_completion"
MPLADS-100826,MP_ODI_2,Odisha,Bhubaneswar,Solar Power Installation,734000,698655,Completed,Vendor Pvt Ltd 91,Implementing Agency 54,0.49584846357435175,0,"no_photo_flag, days_sanction_to_completion, amount_zscore_in_category"
MPLADS-101550,MP_TRI_1,Tripura,Agartala,Drinking Water Supply,500000,0,Sanctioned,Vendor Pvt Ltd 27,Implementing Agency 37,0.48812229593275885,0,"is_round_amount, days_rec_to_sanction, amount_zscore_in_category"
MPLADS-103971,MP_GUJ_1,Gujarat,Ahmedabad,Solar Power Installation,504000,532529,Completed,Vendor Pvt Ltd 105,Implementing Agency 57,0.4875273865013995,0,"over_release_flag, days_sanction_to_completion, desc_generic_flag"
MPLADS-105692,MP_DAD_3,Dadara & Nagar Havelli,Silvassa,Sanitation/Toilets,700000,351007,In Progress,Vendor Pvt Ltd 79,Implementing Agency 12,0.4855804787697581,0,"is_round_amount, days_rec_to_sanction, days_sanction_to_completion"
MPLADS-105622,MP_TAM_3,Tamil Nadu,Chennai,Irrigation Facility,989000,0,Sanctioned,Vendor Pvt Ltd 6,Implementing Agency 50,0.48188243245679174,0,"days_rec_to_sanction, amount_zscore_in_category, release_ratio"
MPLADS-105356,MP_GUJ_2,Gujarat,Vadodara,Road Construction/Repair,6409000,6087947,Completed,Vendor Pvt Ltd 24,Implementing Agency 43,0.47899563276391577,1,"no_photo_flag, days_rec_to_sanction, desc_generic_flag"
MPLADS-100080,MP_SIK_2,Sikkim,Namchi,CCTV Installation,3658253,2232768,Completed,Vendor Pvt Ltd 1,Implementing Agency 25,0.4789848987512989,1,"amount_zscore_in_category, desc_generic_flag, days_sanction_to_completion"
MPLADS-104745,MP_WES_5,West Bengal,Howrah,Sanitation/Toilets,1500000,0,Sanctioned,Vendor Pvt Ltd 115,Implementing Agency 25,0.4777080342079252,0,"is_round_amount, desc_generic_flag, release_ratio"
MPLADS-105624,MP_RAJ_4,Rajasthan,Jaipur,Road Construction/Repair,8025000,4686967,Completed,Vendor Pvt Ltd 103,Implementing Agency 26,0.4763460086528022,0,"no_photo_flag, days_rec_to_sanction, amount_zscore_in_category"
MPLADS-103317,MP_JAM_4,Jammu & Kashmir,Srinagar,Sanitation/Toilets,434000,424555,Completed,Vendor Pvt Ltd 54,Implementing Agency 49,0.4742929355751565,0,"no_photo_flag, days_sanction_to_completion, desc_generic_flag"
MPLADS-102761,MP_CHH_2,Chhattisgarh,Raipur,Sports Infrastructure,1855000,1754253,Completed,Vendor Pvt Ltd 68,Implementing Agency 33,0.46900553432409436,0,"no_photo_flag, days_rec_to_sanction, desc_generic_flag"
MPLADS-101554,MP_JAM_2,Jammu & Kashmir,Srinagar,Railway Halt Amenities,1941000,2266182,Sanctioned,Vendor Pvt Ltd 43,Implementing Agency 31,0.4621541957671156,0,"over_release_flag, days_rec_to_sanction, release_ratio"
MPLADS-100430,MP_BIH_2,Bihar,Bhagalpur,Irrigation Facility,1710000,1633744,Completed,Vendor Pvt Ltd 59,Implementing Agency 34,0.4605433270250509,0,"no_photo_flag, days_rec_to_sanction, desc_generic_flag"
MPLADS-104159,MP_JHA_2,Jharkhand,Jamshedpur,School Infrastructure,9453204,5273929,Completed,Vendor Pvt Ltd 1,Implementing Agency 14,0.46020341950156185,1,"amount_zscore_in_category, days_rec_to_sanction, desc_generic_flag"
MPLADS-102845,MP_JAM_4,Jammu & Kashmir,Jammu,Street Lighting,1900000,1831693,Completed,Vendor Pvt Ltd 77,Implementing Agency 52,0.45355641735252933,0,"is_round_amount, desc_generic_flag, days_sanction_to_completion"
MPLADS-104918,MP_MIZ_1,Mizoram,Lunglei,School Infrastructure,2647000,2619371,Completed,Vendor Pvt Ltd 10,Implementing Agency 41,0.44934919946750285,0,"no_photo_flag, days_sanction_to_completion, release_ratio"
MPLADS-105555,MP_ARU_2,Arunanchal Pradesh,Tawang,Library/Reading Room,1000000,931305,Completed,Vendor Pvt Ltd 55,Implementing Agency 42,0.4470105495679733,0,"is_round_amount, days_sanction_to_completion, desc_generic_flag"
MPLADS-102447,MP_TRI_4,Tripura,Agartala,Road Construction/Repair,7100000,6826179,Completed,Vendor Pvt Ltd 115,Implementing Agency 42,0.4452049331470906,0,"is_round_amount, days_sanction_to_completion, desc_generic_flag"
MPLADS-102704,MP_RAJ_5,Rajasthan,Jaipur,Anganwadi Center Construction,2737946,1619121,Completed,Vendor Pvt Ltd 1,Implementing Agency 43,0.44432308920654007,1,"amount_zscore_in_category, desc_generic_flag, days_sanction_to_completion"
MPLADS-101038,MP_ODI_3,Odisha,Cuttack,CCTV Installation,3139531,1687430,Completed,Vendor Pvt Ltd 1,Implementing Agency 25,0.44255383260351056,1,"amount_zscore_in_category, days_sanction_to_completion, desc_generic_flag"
MPLADS-100322,MP_HIM_4,Himachal Pradesh,Shimla,Anganwadi Center Construction,1000000,946976,Completed,Vendor Pvt Ltd 14,Implementing Agency 42,0.44237570077795013,0,"is_round_amount, days_sanction_to_completion, days_rec_to_sanction"
MPLADS-101699,MP_MAH_2,Maharashtra,Nagpur,Anganwadi Center Construction,1500000,471872,In Progress,Vendor Pvt Ltd 83,Implementing Agency 11,0.442236515360046,0,"is_round_amount, desc_generic_flag, days_rec_to_sanction"
MPLADS-101791,MP_UTT_1,Uttar Pradesh,Varanasi,Anganwadi Center Construction,926000,870121,Completed,Vendor Pvt Ltd 79,Implementing Agency 49,0.4408946176058552,0,"no_photo_flag, days_rec_to_sanction, desc_generic_flag"
MPLADS-102124,MP_NAG_2,Nagaland,Kohima,Anganwadi Center Construction,2487767,0,Sanctioned,Vendor Pvt Ltd 1,Implementing Agency 47,0.4393775514556315,1,"amount_zscore_in_category, release_ratio, days_sanction_to_completion"
MPLADS-100240,MP_HIM_2,Himachal Pradesh,Shimla,CCTV Installation,364000,349020,Completed,Vendor Pvt Ltd 105,Implementing Agency 26,0.43906582080522083,0,"no_photo_flag, days_sanction_to_completion, amount_zscore_in_category"
MPLADS-103084,MP_PUN_3,Punjab,Ludhiana,Health Facility Upgrade,6276000,5807199,Completed,Vendor Pvt Ltd 119,Implementing Agency 2,0.43860667300496725,0,"no_photo_flag, days_rec_to_sanction, amount_zscore_in_category"
MPLADS-104451,MP_WES_3,West Bengal,Malda,Street Lighting,1400000,463255,In Progress,Vendor Pvt Ltd 91,Implementing Agency 57,0.4365151852466354,0,"is_round_amount, desc_generic_flag, days_rec_to_sanction"
MPLADS-105239,MP_RAJ_1,Rajasthan,Kota,Community Hall Construction,1210000,1432353,Completed,Vendor Pvt Ltd 63,Implementing Agency 35,0.4354458829751191,0,"over_release_flag, desc_generic_flag, days_sanction_to_completion"
MPLADS-102933,MP_UTT_2,Uttar Pradesh,Agra,Anganwadi Center Construction,785000,773375,Completed,Vendor Pvt Ltd 66,Implementing Agency 7,0.43401474369526283,0,"no_photo_flag, days_sanction_to_completion, desc_generic_flag"
MPLADS-100199,MP_ODI_1,Odisha,Cuttack,Street Lighting,265000,0,Completed,Vendor Pvt Ltd 52,Implementing Agency 41,0.43329669241238067,0,"no_photo_flag, desc_generic_flag, release_ratio"
MPLADS-101837,MP_MAH_1,Maharashtra,Pune,Sanitation/Toilets,900000,508405,In Progress,Vendor Pvt Ltd 80,Implementing Agency 10,0.43208436550022844,0,"is_round_amount, desc_generic_flag, days_rec_to_sanction"
MPLADS-100157,MP_DAD_5,Dadara & Nagar Havelli,Silvassa,Library/Reading Room,3207700,0,Recommended,Vendor Pvt Ltd 1,Implementing Agency 55,0.4316318705483876,1,"amount_zscore_in_category, release_ratio, days_rec_to_sanction"
MPLADS-100093,MP_BIH_2,Bihar,Muzaffarpur,Street Lighting,300000,289752,Completed,Vendor Pvt Ltd 1,Implementing Agency 53,0.4315853344845073,1,"is_round_amount, days_sanction_to_completion, amount_zscore_in_category"
MPLADS-103776,MP_TEL_4,Telangana,Hyderabad,Library/Reading Room,2158000,2070203,Completed,Vendor Pvt Ltd 91,Implementing Agency 17,0.43132328801778436,0,"no_photo_flag, days_sanction_to_completion, days_rec_to_sanction"
MPLADS-101209,MP_UTT_3,Uttarakhand,Dehradun,School Infrastructure,816000,766681,Completed,Vendor Pvt Ltd 16,Implementing Agency 18,0.4293887330558568,0,"no_photo_flag, days_sanction_to_completion, amount_zscore_in_category"
MPLADS-102097,MP_TEL_5,Telangana,Hyderabad,Anganwadi Center Construction,740000,722109,Completed,Vendor Pvt Ltd 81,Implementing Agency 3,0.42810541378731554,0,"no_photo_flag, days_sanction_to_completion, desc_generic_flag"
MPLADS-100469,MP_ODI_2,Odisha,Bhubaneswar,CCTV Installation,2500000,2289091,Completed,Vendor Pvt Ltd 7,Implementing Agency 2,0.42646210353066566,0,"is_round_amount, days_sanction_to_completion, amount_zscore_in_category"
MPLADS-101892,MP_JHA_1,Jharkhand,Ranchi,Street Lighting,190000,185504,Completed,Vendor Pvt Ltd 13,Implementing Agency 50,0.42511819938798256,0,"days_sanction_to_completion, desc_generic_flag, amount_zscore_in_category"
MPLADS-103066,MP_CHH_1,Chhattisgarh,Raipur,Anganwadi Center Construction,1895000,814418,Completed,Vendor Pvt Ltd 120,Implementing Agency 48,0.4248713786868763,0,"no_photo_flag, desc_generic_flag, amount_zscore_in_category"
MPLADS-104649,MP_UTT_2,Uttar Pradesh,Agra,Anganwadi Center Construction,707000,697968,Completed,Vendor Pvt Ltd 73,Implementing Agency 59,0.4231790918303667,0,"no_photo_flag, days_rec_to_sanction, desc_generic_flag"
MPLADS-102981,MP_WES_2,West Bengal,Malda,Community Hall Construction,860000,860000,Completed,Vendor Pvt Ltd 42,Implementing Agency 14,0.4207181956686211,0,"no_photo_flag, desc_generic_flag, amount_zscore_in_category"
MPLADS-104224,MP_RAJ_2,Rajasthan,Udaipur,Irrigation Facility,1265000,1253201,Completed,Vendor Pvt Ltd 79,Implementing Agency 12,0.42069370686715485,0,"no_photo_flag, days_sanction_to_completion, amount_zscore_in_category"
MPLADS-100960,MP_LAK_2,Lakshadweep,Kavaratti,Solar Power Installation,2941000,0,Completed,Vendor Pvt Ltd 63,Implementing Agency 26,0.42021729736745367,0,"no_photo_flag, release_ratio, days_rec_to_sanction"
MPLADS-104318,MP_NAG_3,Nagaland,Kohima,Street Lighting,1163000,1083333,Completed,Vendor Pvt Ltd 118,Implementing Agency 39,0.4201727222800936,0,"no_photo_flag, days_sanction_to_completion, desc_generic_flag"
MPLADS-105091,MP_WES_5,West Bengal,Malda,Sanitation/Toilets,1017000,1112236,Completed,Vendor Pvt Ltd 75,Implementing Agency 33,0.41988294056098613,0,"over_release_flag, days_sanction_to_completion, desc_generic_flag"
MPLADS-102669,MP_MIZ_1,Mizoram,Aizawl,Sanitation/Toilets,771000,759048,Completed,Vendor Pvt Ltd 43,Implementing Agency 19,0.41976321090819346,0,"no_photo_flag, days_sanction_to_completion, desc_generic_flag"
MPLADS-102918,MP_BIH_2,Bihar,Muzaffarpur,CCTV Installation,300000,294351,Completed,Vendor Pvt Ltd 90,Implementing Agency 39,0.419574156634846,0,"is_round_amount, desc_generic_flag, amount_zscore_in_category"
MPLADS-100168,MP_KAR_1,Karnataka,Belagavi,Health Facility Upgrade,6760000,7893531,Completed,Vendor Pvt Ltd 102,Implementing Agency 4,0.41514998763578126,1,"over_release_flag, desc_generic_flag, amount_zscore_in_category"
MPLADS-100177,MP_UTT_3,Uttarakhand,Dehradun,Sanitation/Toilets,1885798,866670,In Progress,Vendor Pvt Ltd 1,Implementing Agency 19,0.41513239144397374,1,"days_rec_to_sanction, amount_zscore_in_category, desc_generic_flag"
MPLADS-100417,MP_JAM_4,Jammu & Kashmir,Jammu,Solar Power Installation,978000,906491,Completed,Vendor Pvt Ltd 21,Implementing Agency 28,0.41473019814660106,0,"days_sanction_to_completion, days_rec_to_sanction, amount_zscore_in_category"
MPLADS-103707,MP_AND_1,Andhra Pradesh,Visakhapatnam,Sports Infrastructure,1800000,900000,In Progress,Vendor Pvt Ltd 98,Implementing Agency 3,0.41409368891889886,0,"is_round_amount, days_rec_to_sanction, days_sanction_to_completion"
MPLADS-104202,MP_ODI_4,Odisha,Cuttack,Sports Infrastructure,3457000,3402303,Completed,Vendor Pvt Ltd 6,Implementing Agency 16,0.41327227102920594,0,"no_photo_flag, days_sanction_to_completion, days_rec_to_sanction"
MPLADS-101334,MP_NAG_2,Nagaland,Dimapur,Street Lighting,1000000,428471,In Progress,Vendor Pvt Ltd 24,Implementing Agency 8,0.4123652268412623,0,"is_round_amount, desc_generic_flag, days_sanction_to_completion"
MPLADS-103745,MP_MIZ_3,Mizoram,Lunglei,Sanitation/Toilets,1142000,0,Completed,Vendor Pvt Ltd 108,Implementing Agency 56,0.41209955037939106,0,"no_photo_flag, desc_generic_flag, release_ratio"
MPLADS-101679,MP_MAD_3,Madhya Pradesh,Indore,Library/Reading Room,490000,0,Sanctioned,Vendor Pvt Ltd 104,Implementing Agency 39,0.41063007750449576,0,"days_rec_to_sanction, desc_generic_flag, release_ratio"
MPLADS-103838,MP_HAR_1,Haryana,Gurugram,Sanitation/Toilets,1200000,702842,In Progress,Vendor Pvt Ltd 47,Implementing Agency 6,0.41011023677246156,0,"is_round_amount, desc_generic_flag, amount_zscore_in_category"
MPLADS-102118,MP_TAM_2,Tamil Nadu,Chennai,Drinking Water Supply,3700000,3575957,Completed,Vendor Pvt Ltd 4,Implementing Agency 52,0.40747748146499485,0,"is_round_amount, desc_generic_flag, days_sanction_to_completion"
MPLADS-101921,MP_ODI_3,Odisha,Bhubaneswar,Street Lighting,429000,428704,Completed,Vendor Pvt Ltd 66,Implementing Agency 39,0.40724504843536863,0,"no_photo_flag, desc_generic_flag, days_sanction_to_completion"
MPLADS-104408,MP_TAM_3,Tamil Nadu,Chennai,Solar Power Installation,3271000,3170655,Completed,Vendor Pvt Ltd 7,Implementing Agency 5,0.4060873089948194,0,"no_photo_flag, desc_generic_flag, days_sanction_to_completion"
MPLADS-104678,MP_DAM_1,Daman & Diu,Daman,Railway Halt Amenities,3422000,3401880,Completed,Vendor Pvt Ltd 101,Implementing Agency 28,0.40595814770910904,0,"no_photo_flag, days_sanction_to_completion, days_rec_to_sanction"
MPLADS-102718,MP_TEL_4,Telangana,Warangal,Road Construction/Repair,8460000,8444603,Completed,Vendor Pvt Ltd 60,Implementing Agency 45,0.40458634779478986,0,"no_photo_flag, desc_generic_flag, days_sanction_to_completion"
MPLADS-104885,MP_WES_4,West Bengal,Malda,CCTV Installation,2091000,1929208,Completed,Vendor Pvt Ltd 81,Implementing Agency 13,0.4035543963129965,0,"no_photo_flag, days_sanction_to_completion, amount_zscore_in_category"
MPLADS-104947,MP_BIH_1,Bihar,Bhagalpur,Anganwadi Center Construction,1490000,1378411,Completed,Vendor Pvt Ltd 62,Implementing Agency 55,0.39984479564018277,0,"no_photo_flag, desc_generic_flag, days_sanction_to_completion"
MPLADS-104586,MP_MIZ_3,Mizoram,Aizawl,Sports Infrastructure,4539000,4428036,Completed,Vendor Pvt Ltd 61,Implementing Agency 47,0.39960317881631235,0,"no_photo_flag, days_sanction_to_completion, amount_zscore_in_category"
MPLADS-101393,MP_UTT_2,Uttarakhand,Dehradun,Street Lighting,1182000,1180139,Completed,Vendor Pvt Ltd 89,Implementing Agency 40,0.39898371649848996,0,"no_photo_flag, desc_generic_flag, days_sanction_to_completion"
MPLADS-103793,MP_KER_1,Kerala,Kochi,Irrigation Facility,5144000,4903221,Completed,Vendor Pvt Ltd 9,Implementing Agency 45,0.39845751360415116,0,"no_photo_flag, days_rec_to_sanction, release_ratio"
MPLADS-104034,MP_LAK_4,Lakshadweep,Kavaratti,School Infrastructure,419000,0,Sanctioned,Vendor Pvt Ltd 71,Implementing Agency 5,0.3974593265518797,0,"days_rec_to_sanction, amount_zscore_in_category, release_ratio"
MPLADS-103552,MP_ODI_3,Odisha,Bhubaneswar,CCTV Installation,2492000,2310617,Completed,Vendor Pvt Ltd 17,Implementing Agency 20,0.39587658993137204,0,"no_photo_flag, amount_zscore_in_category, days_rec_to_sanction"
MPLADS-104308,MP_HIM_1,Himachal Pradesh,Manali,Drinking Water Supply,800000,750418,Completed,Vendor Pvt Ltd 109,Implementing Agency 52,0.39456311970673646,0,"is_round_amount, days_sanction_to_completion, amount_zscore_in_category"
MPLADS-101477,MP_SIK_1,Sikkim,Gangtok,Drinking Water Supply,2300000,2155969,Completed,Vendor Pvt Ltd 69,Implementing Agency 35,0.39441214619313897,0,"is_round_amount, desc_generic_flag, release_ratio"
MPLADS-100773,MP_AND_1,Andhra Pradesh,Vijayawada,School Infrastructure,4426000,4233204,Completed,Vendor Pvt Ltd 50,Implementing Agency 43,0.39342319409215226,1,"no_photo_flag, days_rec_to_sanction, days_sanction_to_completion"
MPLADS-102754,MP_NAG_1,Nagaland,Dimapur,Street Lighting,258000,245450,Completed,Vendor Pvt Ltd 114,Implementing Agency 31,0.39298474055732685,0,"no_photo_flag, desc_generic_flag, amount_zscore_in_category"
MPLADS-105639,MP_ARU_1,Arunanchal Pradesh,Tawang,Solar Power Installation,2100000,0,Recommended,Vendor Pvt Ltd 2,Implementing Agency 31,0.39270170205325006,0,"is_round_amount, days_rec_to_sanction, release_ratio"
MPLADS-102245,MP_HAR_1,Haryana,Gurugram,School Infrastructure,4300000,0,Sanctioned,Vendor Pvt Ltd 51,Implementing Agency 24,0.3926332621205569,0,"is_round_amount, days_rec_to_sanction, release_ratio"
MPLADS-100544,MP_ASS_1,Assam,Silchar,Sanitation/Toilets,1236000,1236000,Completed,Vendor Pvt Ltd 47,Implementing Agency 51,0.392529207792021,1,"no_photo_flag, desc_generic_flag, release_ratio"
MPLADS-100147,MP_AND_2,Andhra Pradesh,Visakhapatnam,Street Lighting,1137000,1063847,Completed,Vendor Pvt Ltd 1,Implementing Agency 23,0.3918175316875364,1,"no_photo_flag, desc_generic_flag, days_sanction_to_completion"
MPLADS-100504,MP_MAH_2,Maharashtra,Aurangabad,CCTV Installation,1361000,1298036,Completed,Vendor Pvt Ltd 108,Implementing Agency 58,0.39087986825709514,0,"no_photo_flag, desc_generic_flag, days_sanction_to_completion"
MPLADS-100501,MP_TEL_3,Telangana,Hyderabad,School Infrastructure,4908000,5780737,In Progress,Vendor Pvt Ltd 71,Implementing Agency 45,0.3905822087005503,0,"over_release_flag, days_rec_to_sanction, release_ratio"
MPLADS-102778,MP_SIK_2,Sikkim,Namchi,School Infrastructure,2000000,1897995,Completed,Vendor Pvt Ltd 109,Implementing Agency 52,0.38959489187645824,0,"is_round_amount, desc_generic_flag, release_ratio"
MPLADS-102917,MP_PUD_1,Puducherry,Puducherry,Road Construction/Repair,851000,799175,Completed,Vendor Pvt Ltd 119,Implementing Agency 16,0.3892586547348533,0,"no_photo_flag, days_rec_to_sanction, amount_zscore_in_category"
MPLADS-104060,MP_WES_2,West Bengal,Kolkata,Drinking Water Supply,933000,862985,Completed,Vendor Pvt Ltd 72,Implementing Agency 32,0.3877241597859399,0,"no_photo_flag, days_sanction_to_completion, amount_zscore_in_category"
MPLADS-100907,MP_UTT_3,Uttarakhand,Dehradun,Irrigation Facility,8677000,4899527,Completed,Vendor Pvt Ltd 51,Implementing Agency 59,0.3872779818726645,0,"no_photo_flag, amount_zscore_in_category, days_rec_to_sanction"
MPLADS-105192,MP_KAR_3,Karnataka,Mysuru,Sanitation/Toilets,100000,86832,In Progress,Vendor Pvt Ltd 103,Implementing Agency 31,0.3865619388986518,0,"is_round_amount, amount_zscore_in_category, days_rec_to_sanction"
MPLADS-101089,MP_UTT_2,Uttar Pradesh,Meerut,Street Lighting,1101000,1033178,Completed,Vendor Pvt Ltd 116,Implementing Agency 47,0.3851386982254695,0,"no_photo_flag, desc_generic_flag, days_rec_to_sanction"
MPLADS-105307,MP_KAR_3,Karnataka,Hubli,Sanitation/Toilets,1499000,1425804,Completed,Vendor Pvt Ltd 45,Implementing Agency 34,0.38466546356506454,0,"no_photo_flag, desc_generic_flag, amount_zscore_in_category"
MPLADS-102251,MP_UTT_3,Uttarakhand,Dehradun,Drinking Water Supply,4100000,4027736,Completed,Vendor Pvt Ltd 76,Implementing Agency 47,0.3842653173325329,0,"is_round_amount, days_sanction_to_completion, amount_zscore_in_category"
MPLADS-105658,MP_KAR_1,Karnataka,Bengaluru,Anganwadi Center Construction,471000,438808,Completed,Vendor Pvt Ltd 38,Implementing Agency 59,0.38420166455459265,0,"no_photo_flag, desc_generic_flag, amount_zscore_in_category"
MPLADS-103974,MP_TRI_2,Tripura,Dharmanagar,CCTV Installation,1639000,1552276,Completed,Vendor Pvt Ltd 2,Implementing Agency 20,0.3816864626678519,0,"no_photo_flag, days_sanction_to_completion, days_rec_to_sanction"
MPLADS-100221,MP_LAK_2,Lakshadweep,Kavaratti,Library/Reading Room,2281000,1140500,In Progress,Vendor Pvt Ltd 41,Implementing Agency 47,0.38128984139515787,0,"days_sanction_to_completion, days_rec_to_sanction, amount_zscore_in_category"
MPLADS-102153,MP_GUJ_2,Gujarat,Vadodara,Library/Reading Room,293000,291359,Completed,Vendor Pvt Ltd 22,Implementing Agency 54,0.3812003998281161,0,"days_sanction_to_completion, desc_generic_flag, amount_zscore_in_category"
MPLADS-105427,MP_JAM_1,Jammu & Kashmir,Jammu,Solar Power Installation,2980000,3286736,Completed,Vendor Pvt Ltd 86,Implementing Agency 39,0.37989179503926274,0,"over_release_flag, days_rec_to_sanction, release_ratio"
MPLADS-105075,MP_JAM_2,Jammu & Kashmir,Srinagar,School Infrastructure,4835000,5250951,In Progress,Vendor Pvt Ltd 7,Implementing Agency 28,0.37855504684884633,0,"over_release_flag, days_rec_to_sanction, release_ratio"
MPLADS-100966,MP_PUD_4,Puducherry,Karaikal,School Infrastructure,2145000,2026045,Completed,Vendor Pvt Ltd 102,Implementing Agency 7,0.3782684473188186,1,"no_photo_flag, days_rec_to_sanction, days_sanction_to_completion"
MPLADS-102826,MP_MIZ_1,Mizoram,Aizawl,Sports Infrastructure,4900000,0,Recommended,Vendor Pvt Ltd 54,Implementing Agency 57,0.37754623336392995,0,"is_round_amount, amount_zscore_in_category, release_ratio"
MPLADS-105790,MP_LAK_1,Lakshadweep,Kavaratti,Sports Infrastructure,2742000,2726894,Completed,Vendor Pvt Ltd 113,Implementing Agency 8,0.3767562252861112,0,"no_photo_flag, days_sanction_to_completion, release_ratio"
MPLADS-104780,MP_UTT_2,Uttar Pradesh,Meerut,Community Hall Construction,2023000,1942557,Completed,Vendor Pvt Ltd 85,Implementing Agency 6,0.376741837670101,0,"no_photo_flag, desc_generic_flag, amount_zscore_in_category"
MPLADS-101795,MP_JAM_4,Jammu & Kashmir,Srinagar,Street Lighting,1516000,1500345,Completed,Vendor Pvt Ltd 21,Implementing Agency 10,0.37672314882397034,0,"no_photo_flag, desc_generic_flag, days_rec_to_sanction"
MPLADS-104915,MP_GOA_4,Goa,South Goa,Sports Infrastructure,5185061,3296063,Completed,Vendor Pvt Ltd 1,Implementing Agency 58,0.37631600655108033,1,"no_photo_flag, amount_zscore_in_category, desc_generic_flag"
MPLADS-104325,MP_RAJ_2,Rajasthan,Jaipur,Irrigation Facility,3072000,0,Completed,Vendor Pvt Ltd 107,Implementing Agency 40,0.37250307653187537,0,"no_photo_flag, release_ratio, days_rec_to_sanction"
MPLADS-100235,MP_AND_1,Andhra Pradesh,Vijayawada,Sanitation/Toilets,1323000,1278250,Completed,Vendor Pvt Ltd 65,Implementing Agency 27,0.37234118762339546,0,"no_photo_flag, desc_generic_flag, amount_zscore_in_category"
MPLADS-101474,MP_LAK_4,Lakshadweep,Kavaratti,CCTV Installation,400000,0,Recommended,Vendor Pvt Ltd 22,Implementing Agency 19,0.37142423783600603,0,"is_round_amount, release_ratio, amount_zscore_in_category"
MPLADS-105340,MP_HAR_3,Haryana,Gurugram,Library/Reading Room,2266000,2261361,Completed,Vendor Pvt Ltd 57,Implementing Agency 28,0.3707377444205887,0,"no_photo_flag, days_rec_to_sanction, amount_zscore_in_category"
MPLADS-101632,MP_NAG_3,Nagaland,Dimapur,Sports Infrastructure,375000,444854,In Progress,Vendor Pvt Ltd 37,Implementing Agency 33,0.370452797593113,0,"over_release_flag, amount_zscore_in_category, release_ratio"
MPLADS-100017,MP_ARU_2,Arunanchal Pradesh,Itanagar,Library/Reading Room,669000,762609,Completed,Vendor Pvt Ltd 52,Implementing Agency 16,0.370012476584255,0,"over_release_flag, days_sanction_to_completion, days_rec_to_sanction"
MPLADS-102677,MP_MAD_1,Madhya Pradesh,Indore,Street Lighting,1006000,988152,Completed,Vendor Pvt Ltd 28,Implementing Agency 41,0.3696453725478133,0,"no_photo_flag, desc_generic_flag, days_rec_to_sanction"
MPLADS-101509,MP_CHA_1,Chandigarh,Chandigarh,Community Hall Construction,3200000,2956121,Completed,Vendor Pvt Ltd 19,Implementing Agency 6,0.36962767291391513,0,"is_round_amount, days_sanction_to_completion, release_ratio"
MPLADS-101984,MP_JAM_3,Jammu & Kashmir,Jammu,Road Construction/Repair,1918000,1886703,Completed,Vendor Pvt Ltd 9,Implementing Agency 43,0.3689914744000735,1,"no_photo_flag, desc_generic_flag, amount_zscore_in_category"
MPLADS-102181,MP_ODI_3,Odisha,Cuttack,Sanitation/Toilets,1335916,702299,Completed,Vendor Pvt Ltd 1,Implementing Agency 44,0.36745745173903044,1,"days_rec_to_sanction, desc_generic_flag, days_sanction_to_completion"
MPLADS-101923,MP_MEG_2,Meghalaya,Tura,Street Lighting,1766000,1743310,Completed,Vendor Pvt Ltd 99,Implementing Agency 13,0.3672932204582665,0,"days_sanction_to_completion, desc_generic_flag, amount_zscore_in_category"
MPLADS-104655,MP_SIK_1,Sikkim,Gangtok,Railway Halt Amenities,8119000,7632240,Completed,Vendor Pvt Ltd 5,Implementing Agency 55,0.3671714597236995,0,"no_photo_flag, desc_generic_flag, amount_zscore_in_category"
MPLADS-100787,MP_NAG_2,Nagaland,Kohima,Sanitation/Toilets,1500000,0,Sanctioned,Vendor Pvt Ltd 22,Implementing Agency 27,0.36651269719642643,0,"is_round_amount, release_ratio, amount_zscore_in_category"
MPLADS-100706,MP_JAM_4,Jammu & Kashmir,Jammu,Solar Power Installation,2481000,2926226,Completed,Vendor Pvt Ltd 43,Implementing Agency 13,0.36604752763047116,0,"over_release_flag, days_rec_to_sanction, release_ratio"
MPLADS-105925,MP_AND_3,Andhra Pradesh,Visakhapatnam,Street Lighting,1555000,1545247,Completed,Vendor Pvt Ltd 72,Implementing Agency 12,0.3659387457279509,0,"no_photo_flag, desc_generic_flag, amount_zscore_in_category"
MPLADS-101650,MP_DAD_1,Dadara & Nagar Havelli,Silvassa,Library/Reading Room,2021000,1876859,Completed,Vendor Pvt Ltd 116,Implementing Agency 24,0.3657923617657045,0,"days_rec_to_sanction, days_sanction_to_completion, amount_zscore_in_category"
MPLADS-102287,MP_AND_1,Andhra Pradesh,Visakhapatnam,Drinking Water Supply,560000,454607,Completed,Vendor Pvt Ltd 40,Implementing Agency 7,0.3654850075907948,0,"no_photo_flag, amount_zscore_in_category, days_rec_to_sanction"
MPLADS-104634,MP_MEG_2,Meghalaya,Tura,Health Facility Upgrade,6503000,6503000,Completed,Vendor Pvt Ltd 102,Implementing Agency 42,0.3654801945193236,1,"no_photo_flag, amount_zscore_in_category, days_rec_to_sanction"
MPLADS-100239,MP_TAM_1,Tamil Nadu,Madurai,Solar Power Installation,1734000,1238052,Completed,Vendor Pvt Ltd 72,Implementing Agency 23,0.3651993442828736,0,"no_photo_flag, desc_generic_flag, days_rec_to_sanction"
MPLADS-100586,MP_CHH_2,Chhattisgarh,Raipur,Irrigation Facility,4945000,4805760,Completed,Vendor Pvt Ltd 65,Implementing Agency 3,0.3649072539786502,0,"no_photo_flag, desc_generic_flag, release_ratio"
MPLADS-105448,MP_SIK_2,Sikkim,Gangtok,Street Lighting,777000,744021,Completed,Vendor Pvt Ltd 113,Implementing Agency 17,0.3642891583753198,0,"days_rec_to_sanction, days_sanction_to_completion, desc_generic_flag"
MPLADS-104405,MP_MAD_1,Madhya Pradesh,Indore,Community Hall Construction,3554000,4186901,Completed,Vendor Pvt Ltd 36,Implementing Agency 30,0.36324987632762806,0,"over_release_flag, days_sanction_to_completion, release_ratio"
MPLADS-104708,MP_MIZ_3,Mizoram,Lunglei,Community Hall Construction,4500000,4411893,Completed,Vendor Pvt Ltd 1,Implementing Agency 23,0.3631111357713506,1,"is_round_amount, days_rec_to_sanction, days_sanction_to_completion"
MPLADS-105523,MP_BIH_1,Bihar,Gaya,Irrigation Facility,3171000,3018505,Completed,Vendor Pvt Ltd 11,Implementing Agency 48,0.3623689432213721,0,"no_photo_flag, desc_generic_flag, days_sanction_to_completion"
MPLADS-103577,MP_UTT_1,Uttar Pradesh,Lucknow,Railway Halt Amenities,8193000,2487634,In Progress,Vendor Pvt Ltd 3,Implementing Agency 15,0.3622729177069415,0,"days_rec_to_sanction, desc_generic_flag, amount_zscore_in_category"
MPLADS-105193,MP_UTT_1,Uttar Pradesh,Agra,Solar Power Installation,2781000,2650493,Completed,Vendor Pvt Ltd 61,Implementing Agency 13,0.3620520054202901,0,"no_photo_flag, desc_generic_flag, amount_zscore_in_category"
MPLADS-105322,MP_MAN_3,Manipur,Imphal,Anganwadi Center Construction,1652000,1591796,Completed,Vendor Pvt Ltd 110,Implementing Agency 30,0.3617064158172508,0,"no_photo_flag, desc_generic_flag, amount_zscore_in_category"
MPLADS-101785,MP_DAD_1,Dadara & Nagar Havelli,Silvassa,Community Hall Construction,5693000,5648916,Completed,Vendor Pvt Ltd 94,Implementing Agency 56,0.3614510263219988,0,"no_photo_flag, days_sanction_to_completion, days_rec_to_sanction"
MPLADS-101825,MP_MAD_3,Madhya Pradesh,Indore,Sports Infrastructure,4800000,1972684,In Progress,Vendor Pvt Ltd 112,Implementing Agency 2,0.3607799919582644,0,"is_round_amount, amount_zscore_in_category, days_rec_to_sanction"
MPLADS-101149,MP_WES_2,West Bengal,Darjeeling,Health Facility Upgrade,4388000,4277722,Completed,Vendor Pvt Ltd 61,Implementing Agency 43,0.360704522806396,1,"no_photo_flag, desc_generic_flag, days_sanction_to_completion"
MPLADS-105623,MP_NAG_2,Nagaland,Dimapur,Anganwadi Center Construction,1529000,1493193,Completed,Vendor Pvt Ltd 51,Implementing Agency 50,0.36029095705640746,0,"no_photo_flag, desc_generic_flag, release_ratio"
MPLADS-100230,MP_JAM_2,Jammu & Kashmir,Jammu,School Infrastructure,1004000,1212256,Completed,Vendor Pvt Ltd 107,Implementing Agency 33,0.3600121719323212,0,"over_release_flag, release_ratio, amount_zscore_in_category"
MPLADS-104600,MP_TAM_2,Tamil Nadu,Coimbatore,Drinking Water Supply,3805000,4693036,Sanctioned,Vendor Pvt Ltd 97,Implementing Agency 54,0.35970823136023533,0,"over_release_flag, desc_generic_flag, release_ratio"
MPLADS-102179,MP_TRI_5,Tripura,Dharmanagar,Community Hall Construction,4148000,3991857,Completed,Vendor Pvt Ltd 111,Implementing Agency 10,0.35872876580769775,0,"no_photo_flag, days_rec_to_sanction, days_sanction_to_completion"
MPLADS-100626,MP_MAN_1,Manipur,Imphal,Sanitation/Toilets,1232000,1197279,Completed,Vendor Pvt Ltd 94,Implementing Agency 29,0.35854987197560156,0,"no_photo_flag, desc_generic_flag, days_sanction_to_completion"
MPLADS-104183,MP_MAN_2,Manipur,Thoubal,Road Construction/Repair,1807000,1807000,Completed,Vendor Pvt Ltd 103,Implementing Agency 57,0.3584925195663724,0,"no_photo_flag, amount_zscore_in_category, release_ratio"
MPLADS-103565,MP_UTT_1,Uttar Pradesh,Agra,CCTV Installation,1107000,1032101,Completed,Vendor Pvt Ltd 11,Implementing Agency 59,0.35838761355247295,0,"no_photo_flag, desc_generic_flag, release_ratio"
MPLADS-104816,MP_GUJ_2,Gujarat,Vadodara,School Infrastructure,3425000,4175480,Completed,Vendor Pvt Ltd 116,Implementing Agency 33,0.35823838234640937,0,"over_release_flag, desc_generic_flag, release_ratio"
MPLADS-104607,MP_TEL_2,Telangana,Hyderabad,Sanitation/Toilets,1300000,727287,In Progress,Vendor Pvt Ltd 9,Implementing Agency 57,0.357990176551429,0,"is_round_amount, days_rec_to_sanction, amount_zscore_in_category"
MPLADS-104942,MP_ARU_2,Arunanchal Pradesh,Tawang,Anganwadi Center Construction,700000,556922,In Progress,Vendor Pvt Ltd 31,Implementing Agency 24,0.3576381595525825,0,"is_round_amount, days_rec_to_sanction, amount_zscore_in_category"
MPLADS-105974,MP_UTT_1,Uttar Pradesh,Meerut,Irrigation Facility,6823000,6484592,Completed,Vendor Pvt Ltd 56,Implementing Agency 38,0.35761017671623124,0,"no_photo_flag, desc_generic_flag, release_ratio"
MPLADS-100526,MP_JHA_2,Jharkhand,Ranchi,Street Lighting,1462000,1395140,Completed,Vendor Pvt Ltd 98,Implementing Agency 19,0.3569225630522172,0,"no_photo_flag, desc_generic_flag, release_ratio"
MPLADS-102622,MP_BIH_2,Bihar,Bhagalpur,Library/Reading Room,1765000,1683337,Completed,Vendor Pvt Ltd 76,Implementing Agency 27,0.3568753919613851,0,"no_photo_flag, desc_generic_flag, days_rec_to_sanction"
MPLADS-104925,MP_MIZ_2,Mizoram,Lunglei,Anganwadi Center Construction,1987000,1885078,Completed,Vendor Pvt Ltd 18,Implementing Agency 41,0.3565007623319497,0,"no_photo_flag, amount_zscore_in_category, days_rec_to_sanction"
MPLADS-100865,MP_MAN_2,Manipur,Imphal,Health Facility Upgrade,5800000,5311745,Completed,Vendor Pvt Ltd 57,Implementing Agency 54,0.35643418635718904,0,"is_round_amount, days_rec_to_sanction, days_sanction_to_completion"
MPLADS-101194,MP_LAK_1,Lakshadweep,Kavaratti,Library/Reading Room,500000,0,Recommended,Vendor Pvt Ltd 12,Implementing Agency 16,0.35629872699611304,0,"is_round_amount, release_ratio, amount_zscore_in_category"
MPLADS-101803,MP_MAN_1,Manipur,Thoubal,School Infrastructure,716000,813351,Completed,Vendor Pvt Ltd 58,Implementing Agency 17,0.35571268875899403,0,"over_release_flag, amount_zscore_in_category, release_ratio"
MPLADS-102255,MP_RAJ_3,Rajasthan,Jodhpur,Road Construction/Repair,2400000,2223226,Completed,Vendor Pvt Ltd 90,Implementing Agency 60,0.35554732007423795,0,"is_round_amount, days_sanction_to_completion, amount_zscore_in_category"
MPLADS-102722,MP_HAR_3,Haryana,Faridabad,Railway Halt Amenities,1500000,605413,In Progress,Vendor Pvt Ltd 30,Implementing Agency 38,0.35516400789822644,0,"is_round_amount, amount_zscore_in_category, days_rec_to_sanction"
MPLADS-104700,MP_WES_3,West Bengal,Darjeeling,Street Lighting,1060000,1054398,Completed,Vendor Pvt Ltd 20,Implementing Agency 23,0.3548666007026733,0,"no_photo_flag, days_sanction_to_completion, release_ratio"
MPLADS-102077,MP_CHA_2,Chandigarh,Chandigarh,Anganwadi Center Construction,1600000,0,Sanctioned,Vendor Pvt Ltd 56,Implementing Agency 7,0.35476638509282327,0,"is_round_amount, release_ratio, days_rec_to_sanction"
MPLADS-102304,MP_LAK_5,Lakshadweep,Kavaratti,Irrigation Facility,700000,616987,In Progress,Vendor Pvt Ltd 54,Implementing Agency 3,0.35460169969006605,0,"is_round_amount, amount_zscore_in_category, days_sanction_to_completion"
MPLADS-104562,MP_TAM_2,Tamil Nadu,Chennai,Sports Infrastructure,1453000,1784900,Completed,Vendor Pvt Ltd 39,Implementing Agency 43,0.35443574426548935,1,"over_release_flag, release_ratio, days_rec_to_sanction"
MPLADS-104335,MP_TAM_2,Tamil Nadu,Madurai,Library/Reading Room,1942000,1845575,Completed,Vendor Pvt Ltd 65,Implementing Agency 20,0.35414738398331364,0,"no_photo_flag, desc_generic_flag, amount_zscore_in_category"
MPLADS-100569,MP_LAK_4,Lakshadweep,Kavaratti,Road Construction/Repair,4600000,0,Recommended,Vendor Pvt Ltd 93,Implementing Agency 3,0.35398632124576346,0,"is_round_amount, release_ratio, days_rec_to_sanction"
MPLADS-102323,MP_SIK_1,Sikkim,Namchi,Sports Infrastructure,3541000,4329248,Completed,Vendor Pvt Ltd 41,Implementing Agency 28,0.3538228787664813,0,"over_release_flag, release_ratio, days_rec_to_sanction"
MPLADS-103664,MP_NAG_3,Nagaland,Kohima,Irrigation Facility,8800000,6429756,In Progress,Vendor Pvt Ltd 59,Implementing Agency 46,0.35355566315718256,0,"is_round_amount, amount_zscore_in_category, days_rec_to_sanction"
MPLADS-101860,MP_CHH_1,Chhattisgarh,Bhilai,Sports Infrastructure,3600000,3436051,Completed,Vendor Pvt Ltd 24,Implementing Agency 14,0.35331035601512295,0,"is_round_amount, days_rec_to_sanction, days_sanction_to_completion"
MPLADS-100893,MP_GUJ_2,Gujarat,Surat,Solar Power Installation,2115000,1995894,Completed,Vendor Pvt Ltd 41,Implementing Agency 27,0.35303349804448075,0,"no_photo_flag, desc_generic_flag, release_ratio"
MPLADS-104797,MP_HIM_1,Himachal Pradesh,Manali,Drinking Water Supply,4300000,4091470,Completed,Vendor Pvt Ltd 24,Implementing Agency 16,0.35299679018591784,0,"is_round_amount, amount_zscore_in_category, release_ratio"
MPLADS-101869,MP_HIM_4,Himachal Pradesh,Shimla,Street Lighting,662000,784257,Sanctioned,Vendor Pvt Ltd 96,Implementing Agency 41,0.35291019083468705,0,"over_release_flag, desc_generic_flag, release_ratio"
MPLADS-101760,MP_AND_4,Andhra Pradesh,Vijayawada,Community Hall Construction,934000,1015879,Completed,Vendor Pvt Ltd 116,Implementing Agency 1,0.3525852059712092,0,"over_release_flag, amount_zscore_in_category, release_ratio"
MPLADS-101027,MP_MAN_2,Manipur,Imphal,Drinking Water Supply,5262636,0,Sanctioned,Vendor Pvt Ltd 1,Implementing Agency 18,0.35230185024106364,1,"amount_zscore_in_category, release_ratio, days_sanction_to_completion"
MPLADS-102680,MP_GOA_2,Goa,North Goa,Sanitation/Toilets,1000000,829531,In Progress,Vendor Pvt Ltd 25,Implementing Agency 15,0.3522674440561579,0,"is_round_amount, days_rec_to_sanction, days_sanction_to_completion"
MPLADS-103311,MP_PUN_3,Punjab,Amritsar,Road Construction/Repair,817000,817000,Completed,Vendor Pvt Ltd 40,Implementing Agency 39,0.35203416784862596,0,"no_photo_flag, amount_zscore_in_category, release_ratio"
MPLADS-105175,MP_NCT_2,NCT of Delhi,South Delhi,CCTV Installation,415000,492075,Sanctioned,Vendor Pvt Ltd 81,Implementing Agency 36,0.35151759631058793,0,"over_release_flag, release_ratio, amount_zscore_in_category"
MPLADS-104734,MP_DAD_2,Dadara & Nagar Havelli,Silvassa,Sports Infrastructure,1000000,995797,Completed,Vendor Pvt Ltd 38,Implementing Agency 60,0.3507260745906278,0,"is_round_amount, days_sanction_to_completion, amount_zscore_in_category"
MPLADS-105188,MP_AND_2,Andhra Pradesh,Vijayawada,Drinking Water Supply,2400000,2313982,Completed,Vendor Pvt Ltd 2,Implementing Agency 32,0.35047595744813836,0,"is_round_amount, days_rec_to_sanction, days_sanction_to_completion"
MPLADS-100669,MP_ODI_3,Odisha,Cuttack,Health Facility Upgrade,4900000,4623522,Completed,Vendor Pvt Ltd 29,Implementing Agency 18,0.35032523190615633,0,"is_round_amount, days_rec_to_sanction, days_sanction_to_completion"
MPLADS-101536,MP_TRI_5,Tripura,Dharmanagar,CCTV Installation,1310000,1458711,Sanctioned,Vendor Pvt Ltd 112,Implementing Agency 48,0.3503227590556934,0,"over_release_flag, days_rec_to_sanction, release_ratio"
MPLADS-100275,MP_MAH_1,Maharashtra,Nagpur,Library/Reading Room,581000,545763,Completed,Vendor Pvt Ltd 8,Implementing Agency 59,0.3502968966865387,0,"days_sanction_to_completion, desc_generic_flag, days_rec_to_sanction"
MPLADS-100325,MP_MAD_1,Madhya Pradesh,Indore,Health Facility Upgrade,5839000,0,Completed,Vendor Pvt Ltd 91,Implementing Agency 49,0.35004185400002846,0,"no_photo_flag, release_ratio, amount_zscore_in_category"
MPLADS-100811,MP_UTT_1,Uttar Pradesh,Agra,School Infrastructure,4714000,2357000,In Progress,Vendor Pvt Ltd 82,Implementing Agency 46,0.3496508150116096,0,"desc_generic_flag, days_rec_to_sanction, amount_zscore_in_category"
MPLADS-105966,MP_GOA_3,Goa,North Goa,Irrigation Facility,1106000,1055963,Completed,Vendor Pvt Ltd 64,Implementing Agency 43,0.3496186214133401,1,"no_photo_flag, amount_zscore_in_category, release_ratio"
MPLADS-102771,MP_BIH_2,Bihar,Patna,Street Lighting,600000,0,Recommended,Vendor Pvt Ltd 109,Implementing Agency 55,0.34926870633538853,0,"is_round_amount, release_ratio, amount_zscore_in_category"
MPLADS-101928,MP_DAD_2,Dadara & Nagar Havelli,Silvassa,CCTV Installation,2145000,2144525,Completed,Vendor Pvt Ltd 71,Implementing Agency 53,0.34919974243165885,0,"no_photo_flag, days_rec_to_sanction, amount_zscore_in_category"
MPLADS-100101,MP_TRI_2,Tripura,Dharmanagar,Library/Reading Room,2313000,1508620,Completed,Vendor Pvt Ltd 98,Implementing Agency 36,0.3483730871144904,0,"no_photo_flag, amount_zscore_in_category, days_rec_to_sanction"
MPLADS-102450,MP_HIM_2,Himachal Pradesh,Manali,Sports Infrastructure,4600000,4177367,In Progress,Vendor Pvt Ltd 111,Implementing Agency 37,0.3480174293242173,0,"is_round_amount, amount_zscore_in_category, days_rec_to_sanction"
MPLADS-100533,MP_WES_5,West Bengal,Darjeeling,Sanitation/Toilets,418000,0,Sanctioned,Vendor Pvt Ltd 9,Implementing Agency 40,0.3473650387726109,0,"days_rec_to_sanction, desc_generic_flag, release_ratio"
MPLADS-104871,MP_MAN_3,Manipur,Thoubal,Library/Reading Room,1100000,686476,In Progress,Vendor Pvt Ltd 100,Implementing Agency 15,0.3470212295902104,0,"is_round_amount, days_rec_to_sanction, days_sanction_to_completion"
MPLADS-102252,MP_PUD_3,Puducherry,Puducherry,Road Construction/Repair,6900000,5059056,In Progress,Vendor Pvt Ltd 95,Implementing Agency 56,0.34675684042863214,0,"is_round_amount, days_rec_to_sanction, days_sanction_to_completion"
MPLADS-105403,MP_ARU_2,Arunanchal Pradesh,Tawang,Drinking Water Supply,3783000,3649770,Completed,Vendor Pvt Ltd 75,Implementing Agency 57,0.3467278089459548,0,"no_photo_flag, days_sanction_to_completion, amount_zscore_in_category"
MPLADS-100094,MP_MAD_3,Madhya Pradesh,Indore,Drinking Water Supply,2019000,1926160,Completed,Vendor Pvt Ltd 81,Implementing Agency 32,0.34651750214344196,0,"no_photo_flag, days_sanction_to_completion, days_rec_to_sanction"
MPLADS-105603,MP_RAJ_4,Rajasthan,Jodhpur,Sports Infrastructure,1591000,1587678,Completed,Vendor Pvt Ltd 72,Implementing Agency 20,0.34572768127234604,0,"no_photo_flag, days_rec_to_sanction, release_ratio"
MPLADS-101340,MP_CHH_1,Chhattisgarh,Bhilai,School Infrastructure,1300000,0,Sanctioned,Vendor Pvt Ltd 37,Implementing Agency 2,0.3453686605979426,0,"is_round_amount, release_ratio, amount_zscore_in_category"
MPLADS-103726,MP_CHA_1,Chandigarh,Chandigarh,Road Construction/Repair,2000000,0,Sanctioned,Vendor Pvt Ltd 88,Implementing Agency 2,0.34528487818520576,0,"is_round_amount, release_ratio, amount_zscore_in_category"
MPLADS-105480,MP_MAN_1,Manipur,Thoubal,CCTV Installation,2212000,1230650,Completed,Vendor Pvt Ltd 101,Implementing Agency 43,0.3451076621262109,1,"no_photo_flag, amount_zscore_in_category, days_sanction_to_completion"
MPLADS-105145,MP_WES_5,West Bengal,Kolkata,CCTV Installation,300000,111635,In Progress,Vendor Pvt Ltd 40,Implementing Agency 39,0.3450761864539551,0,"is_round_amount, amount_zscore_in_category, days_sanction_to_completion"
MPLADS-102159,MP_ODI_3,Odisha,Bhubaneswar,Drinking Water Supply,580000,572913,Completed,Vendor Pvt Ltd 3,Implementing Agency 18,0.34490984349817333,0,"no_photo_flag, amount_zscore_in_category, days_sanction_to_completion"
MPLADS-101168,MP_CHH_1,Chhattisgarh,Raipur,Health Facility Upgrade,3766000,1883000,In Progress,Vendor Pvt Ltd 100,Implementing Agency 25,0.34490161819499776,0,"desc_generic_flag, days_rec_to_sanction, days_sanction_to_completion"
MPLADS-105642,MP_MIZ_2,Mizoram,Lunglei,Sports Infrastructure,4076000,4301503,Sanctioned,Vendor Pvt Ltd 66,Implementing Agency 35,0.3440166556525972,0,"over_release_flag, days_rec_to_sanction, release_ratio"
MPLADS-103601,MP_KER_2,Kerala,Kochi,Road Construction/Repair,8989000,10689282,In Progress,Vendor Pvt Ltd 119,Implementing Agency 28,0.3436304305617762,0,"over_release_flag, amount_zscore_in_category, release_ratio"
MPLADS-100813,MP_PUN_3,Punjab,Ludhiana,Anganwadi Center Construction,408000,406398,Completed,Vendor Pvt Ltd 66,Implementing Agency 4,0.3435810672186683,0,"no_photo_flag, days_sanction_to_completion, amount_zscore_in_category"
MPLADS-105823,MP_TAM_2,Tamil Nadu,Coimbatore,Library/Reading Room,1860000,1768657,Completed,Vendor Pvt Ltd 37,Implementing Agency 56,0.34343862211690085,0,"no_photo_flag, days_sanction_to_completion, release_ratio"
MPLADS-102743,MP_MAD_1,Madhya Pradesh,Bhopal,Drinking Water Supply,1386000,1383367,Completed,Vendor Pvt Ltd 77,Implementing Agency 3,0.34302438591137774,0,"days_rec_to_sanction, days_sanction_to_completion, release_ratio"
MPLADS-103006,MP_TRI_1,Tripura,Agartala,Drinking Water Supply,788000,735628,Completed,Vendor Pvt Ltd 78,Implementing Agency 28,0.3429804718590835,0,"no_photo_flag, days_sanction_to_completion, amount_zscore_in_category"
MPLADS-104910,MP_ASS_2,Assam,Guwahati,CCTV Installation,1900000,1728051,In Progress,Vendor Pvt Ltd 83,Implementing Agency 32,0.34275227555376453,0,"is_round_amount, days_rec_to_sanction, amount_zscore_in_category"
MPLADS-100183,MP_DAD_1,Dadara & Nagar Havelli,Silvassa,Street Lighting,1546000,1538256,Completed,Vendor Pvt Ltd 98,Implementing Agency 9,0.3426896711715546,0,"no_photo_flag, days_rec_to_sanction, days_sanction_to_completion"
MPLADS-102023,MP_JHA_2,Jharkhand,Ranchi,Health Facility Upgrade,3800000,3677423,Completed,Vendor Pvt Ltd 117,Implementing Agency 59,0.3425167861097428,0,"is_round_amount, days_sanction_to_completion, days_rec_to_sanction"
MPLADS-102024,MP_TEL_2,Telangana,Hyderabad,Road Construction/Repair,7903000,7903000,Completed,Vendor Pvt Ltd 89,Implementing Agency 53,0.3422878558476862,0,"no_photo_flag, amount_zscore_in_category, release_ratio"
MPLADS-103967,MP_JAM_2,Jammu & Kashmir,Srinagar,School Infrastructure,5300000,3263026,In Progress,Vendor Pvt Ltd 88,Implementing Agency 6,0.34214357119055505,0,"is_round_amount, amount_zscore_in_category, days_rec_to_sanction"
MPLADS-105402,MP_UTT_1,Uttar Pradesh,Agra,Railway Halt Amenities,7029000,2992344,In Progress,Vendor Pvt Ltd 17,Implementing Agency 27,0.3420340010429307,0,"days_rec_to_sanction, desc_generic_flag, days_sanction_to_completion"
MPLADS-105545,MP_CHA_3,Chandigarh,Chandigarh,Railway Halt Amenities,4463000,2231500,In Progress,Vendor Pvt Ltd 102,Implementing Agency 14,0.3419754616733297,1,"days_sanction_to_completion, days_rec_to_sanction, desc_generic_flag"
MPLADS-105801,MP_AND_3,Andhra Pradesh,Visakhapatnam,Drinking Water Supply,2600000,0,Recommended,Vendor Pvt Ltd 67,Implementing Agency 51,0.34178361468952223,1,"is_round_amount, release_ratio, days_sanction_to_completion"
MPLADS-100031,MP_TAM_3,Tamil Nadu,Salem,Anganwadi Center Construction,400000,290579,In Progress,Vendor Pvt Ltd 90,Implementing Agency 51,0.34174820101164455,1,"is_round_amount, amount_zscore_in_category, days_sanction_to_completion"
MPLADS-104896,MP_NAG_4,Nagaland,Kohima,Community Hall Construction,2393000,2328837,Completed,Vendor Pvt Ltd 88,Implementing Agency 58,0.34163963714764345,0,"no_photo_flag, days_sanction_to_completion, days_rec_to_sanction"
MPLADS-105812,MP_ODI_1,Odisha,Cuttack,Community Hall Construction,4146000,3926161,Completed,Vendor Pvt Ltd 41,Implementing Agency 53,0.34150670845385905,0,"no_photo_flag, days_sanction_to_completion, days_rec_to_sanction"
MPLADS-105328,MP_JHA_2,Jharkhand,Ranchi,Sports Infrastructure,1499000,550563,Completed,Vendor Pvt Ltd 3,Implementing Agency 16,0.3413589799884497,0,"no_photo_flag, amount_zscore_in_category, days_sanction_to_completion"
MPLADS-100599,MP_LAK_2,Lakshadweep,Kavaratti,Library/Reading Room,800000,0,Sanctioned,Vendor Pvt Ltd 41,Implementing Agency 15,0.34110937634630784,0,"is_round_amount, release_ratio, amount_zscore_in_category"
MPLADS-105217,MP_TRI_3,Tripura,Agartala,Drinking Water Supply,844000,992037,Completed,Vendor Pvt Ltd 94,Implementing Agency 58,0.3397777302079315,0,"over_release_flag, release_ratio, amount_zscore_in_category"
MPLADS-102021,MP_DAM_1,Daman & Diu,Daman,Anganwadi Center Construction,500000,403219,In Progress,Vendor Pvt Ltd 100,Implementing Agency 54,0.33964985414452903,0,"is_round_amount, amount_zscore_in_category, days_rec_to_sanction"
MPLADS-100632,MP_TEL_4,Telangana,Warangal,Community Hall Construction,7535000,7251715,Completed,Vendor Pvt Ltd 79,Implementing Agency 10,0.3393952135091408,0,"no_photo_flag, amount_zscore_in_category, days_sanction_to_completion"
MPLADS-101754,MP_NCT_1,NCT of Delhi,North Delhi,CCTV Installation,1100000,1074935,Completed,Vendor Pvt Ltd 37,Implementing Agency 50,0.33931899157157297,0,"is_round_amount, days_sanction_to_completion, release_ratio"
MPLADS-100591,MP_PUN_1,Punjab,Ludhiana,Library/Reading Room,2392000,2384415,Completed,Vendor Pvt Ltd 56,Implementing Agency 36,0.3393116514612155,0,"no_photo_flag, amount_zscore_in_category, release_ratio"
MPLADS-105262,MP_GOA_2,Goa,North Goa,Drinking Water Supply,2539000,2384071,Completed,Vendor Pvt Ltd 1,Implementing Agency 17,0.3389614945588219,1,"no_photo_flag, days_sanction_to_completion, release_ratio"
MPLADS-104526,MP_ARU_2,Arunanchal Pradesh,Itanagar,Library/Reading Room,2883896,2002939,Completed,Vendor Pvt Ltd 1,Implementing Agency 44,0.3379852814317947,1,"amount_zscore_in_category, days_sanction_to_completion, days_rec_to_sanction"
MPLADS-100881,MP_AND_2,Andhra Pradesh,Vijayawada,Health Facility Upgrade,3769000,4285450,Completed,Vendor Pvt Ltd 45,Implementing Agency 27,0.33743572017910517,0,"over_release_flag, days_rec_to_sanction, release_ratio"
MPLADS-104747,MP_PUD_3,Puducherry,Karaikal,Anganwadi Center Construction,782000,864050,Sanctioned,Vendor Pvt Ltd 40,Implementing Agency 46,0.33719668036524886,0,"over_release_flag, release_ratio, days_rec_to_sanction"
MPLADS-101032,MP_MAN_2,Manipur,Thoubal,Irrigation Facility,5181000,0,Completed,Vendor Pvt Ltd 54,Implementing Agency 59,0.33715924751931825,0,"no_photo_flag, release_ratio, days_sanction_to_completion"
MPLADS-100915,MP_UTT_1,Uttar Pradesh,Varanasi,Street Lighting,1797000,1655954,Completed,Vendor Pvt Ltd 11,Implementing Agency 13,0.32865980779486687,0,"days_sanction_to_completion, desc_generic_flag, days_rec_to_sanction"
MPLADS-105261,MP_HAR_2,Haryana,Gurugram,Health Facility Upgrade,5334000,2130977,Completed,Vendor Pvt Ltd 42,Implementing Agency 31,0.32588295391187744,0,"no_photo_flag, amount_zscore_in_category, days_sanction_to_completion"
MPLADS-103698,MP_HIM_5,Himachal Pradesh,Shimla,Health Facility Upgrade,1184000,777811,Completed,Vendor Pvt Ltd 86,Implementing Agency 40,0.32399422466234273,0,"no_photo_flag, amount_zscore_in_category, days_sanction_to_completion"
